Abberton
Abbeytown
Abbots Bromley
Abbots Leigh
Abbotsbury
Abbotskerswell
Abbotsley
Abbotswood
Abbotts Ann
Aberaeron
Aberbargoed
Abercarn
Aberchirder
Abercrave
Abercynon
Aberdare
Aberdeen
Aberdour
Aberdovey
Aberfan
Aberfeldy
Aberford
Aberfoyle
Abergavenny
Abergele
Abergwili
Aberlady
Aberlour
Abermule
Abernethy
Aberporth
Abersoch
Abersychan
Abertillery
Abertridwr
Abertysswg
Aberystwyth
Abingdon
Abinger Hammer
Abingworth
Aboyne
Abridge
Acaster Malbis
Accrington
Ackleton
Ackworth Moor Top
Acle
Acomb
Acton
Acton (N Ireland)
Acton Bridge
Acton Burnell
Acton Trussell
Acton Turville
Adderbury
Addiebrownhill
Addingham
Addington
Addlestone
Adisham
Adlington
Adwick le Street
Aghagallon
Aghaginduff / Cabragh
Aghalee
Aghory
Ahoghill
Ainsworth
Airdrie
Airmyn
Airth
Akeley
Alanbrooke Barracks
Albourne
Albrighton
Alburgh
Albury
Alcester
Alconbury
Alconbury Airfield
Alconbury Weston
Aldbourne
Aldbrough
Aldbrough St John
Aldbury
Aldeburgh
Aldeburgh Road
 nr Leiston
Alderbury
Alderholt
Aldermaston Wharf
Alderminster
Aldershot
Alderton (Suffolk Coastal)
Alderton (Tewkesbury)
Aldford
Aldington
Aldreth
Aldridge
Aldwincle
Alexandra Park
Alexandria
Alfold Crossways
Alford
Alford (Scotland)
Alfreton
Alfriston
Alkborough
Alkham
All Cannings
All Stretton
Allanton
Allendale Town
Allerston
Allhallows-on-Sea
Allington
Alloa
Allonby
Almodington
Almondbank
Almondsbury
Alne
Alness
Alnwick
Alpington
Alresford
Alrewas
Alsager
Alsagers Bank
Alston
Altamuskin
Altham
Althorne
Althorpe
Alton
Alton (Staffordshire Moorlands)
Altrincham
Alva
Alvechurch
Alveley
Alverstone Garden Village
Alvescot
Alveston
Alvingham
Alvington
Alyth
Ambergate
Amberley
Amble
Ambleside
Ambrosden
Amersham
Amesbury
Amlwch
Ammanford
Amotherby
Ampleforth
Ampney Crucis
Ampthill
Ancaster
Andover
Andoversford
Anna Valley
Annaclone
Annacloy
Annaghmore
Annahilt
Annahugh
Annalong
Annan
Annbank
Annfield Plain
Annsborough
Ansley
Anstey
Anstruther
Ansty
Antrim
Anwick
Apperknowle
Apperley
Appleby
Appleby Magna
Appleby-in-Westmorland
Appledore
Appleshaw
Appleton
Appleton Roebuck
Appleton Thorn
Arborfield
Arborfield Cross
Arborfield Garrison
Arbroath
Ardboe
Arddleen
Ardersier
Ardgarvan
Ardglass
Ardingly
Ardington
Ardleigh
Ardmillan
Ardmore
Ardress
Ardrishaig
Ardrossan
Ardstraw
Ardtanagh
Argoed
Arkesden
Arlecdon
Arlesey
Arlingham
Arlington
Armadale
Armagh City
Armitage
Armoy
Armthorpe
Arnesby
Arney / Skea
Arnold
Arnside
Artasooly
Articlave
Artigarvan
Artikelly
Arundel
Ascott-under-Wychwood
Asfordby
Ash
Ash (Dover)
Ash (South Somerset)
Ash Green
Ashbocking
Ashbourne
Ashburton
Ashbury
Ashby cum Fenby
Ashby-de-la-Zouch
Ashcott
Ashdon
Ashfield / Gowdystown
Ashford
Ashford (North Devon)
Ashford (Spelthorne)
Ashford Carbonell
Ashgill
Ashill
Ashingdon
Ashington
Ashington (Horsham)
Ashleworth
Ashley
Ashley (East Cambridgeshire)
Ashley (Kettering)
Ashley Green
Ashmore Green
Ashover
Ashtead
Ashton (Cornwall)
Ashton (South Northamptonshire)
Ashton Hayes
Ashton Keynes
Ashton under Hill
Ashton-in-Makerfield
Ashton-under-Lyne
Ashurst
Ashwell
Ashwellthorpe
Askam in Furness
Askern
Askham Bryan
Aslackby
Aslockton
Aspatria
Aspley Heath
Aspull
Assington
Aston
Aston (Cheshire East)
Aston (West Oxfordshire)
Aston Abbotts
Aston Clinton
Aston Rowant
Aston Tirrold
Aston-By-Stone
Aston-on-Trent
Atherstone
Atherton
Attical
Attleborough
Auchinleck
Auchinloch
Auchterarder
Auchtermuchty
Auckley
Audlem
Audley
Augher
Aughnacloy
Aughton
Auldearn
Aust
Austerfield
Austrey
Austwick
Aveley
Avening
Aviemore
Avoch
Avonbridge
Awbridge
Awsworth
Axbridge
Axminster
Axmouth
Axtown
Aylburton
Aylesbeare
Aylesbury
Aylesham
Aylmerton
Aylsham
Aynho
Ayr
Ayton
Babraham
Backbarrow
Backwell
Backworth
Bacton
Bacup
Badby
Baddesley Ensor
Badersfield
Badgers Mount
Badingham
Badminton
Badsey
Badshot Lea
Badsworth
Badwell Ash
Bagby
Bagnall
Bagshot
Bagworth
Baildon
Bainton
Baker Street
Baker's Wood
Bakewell
Bala
Balcombe
Balderton
Baldock
Baldwin's Gate
Balfron
Balintore
Ball Hill
Ballachulish
Ballater
Ballinamallard
Ballinderry
Ballinger Common
Ballingry
 Lochore and Crosshill
Ballintoy
Balloch
Balloo
Ballyalton
Ballyaughlis
Ballybarnes
Ballybogy
Ballycarn
Ballycarry
Ballycassidy / Laragh / Trory
Ballycastle
Ballyclare
Ballycor
Ballycraigy
Ballycranbeg
Ballydrain
Ballyeaston
Ballyfrenis
Ballygalget
Ballygalley
Ballygawley
Ballygowan
Ballyhalbert
Ballyholland
Ballyhornan
Ballykelly
Ballykinler
Ballylesson
Ballylifford
Ballymacmaine
Ballymadeerfy
Ballymagorry
Ballymaguigan
Ballymartin
Ballymena
Ballymoney
Ballynadolly
Ballynahinch
Ballynakilly
Ballynoe
Ballynure
Ballyrobert
Ballyronan
Ballyrory
Ballyskeagh
Ballystockart
Ballystrudder
Ballytober
Ballyvoy
Ballywalter
Balmedie
Balmullo
Balnamore
Balsall Common
Balsham
Baltonsborough
Bamber Bridge
Bamburgh
Bamford
Bampton (Mid Devon)
Bampton (West Oxfordshire)
Banavie and Corpach
Banbridge
Banbury
Banchory
Banff
Bangor
Bangor (N Ireland)
Bangor-on-Dee
Banham
Bankfoot
Banknock
Banks
Bannister Green
Bannockburn
Banstead
Banwell
Bar Hill
Barby
Barcombe Cross
Bardney
Bardsey
Bardwell
Barford (South Norfolk)
Barford (Warwick)
Barford St Martin
Barford St Michael
Bargeddie
Bargod
Barham
Barking
Barkisland
Barkston
Barkston Ash
Barkway
Barlaston
Barlborough
Barlby
Barlestone
Barley
Barlow
Barmby Moor
Barmby on the Marsh
Barmouth
Barnack
Barnard Castle
Barnburgh
Barnby
Barnby Dun
Barnes Street
Barnetby le Wold
Barningham
Barnmeen
Barnoldby le Beck
Barnoldswick
Barns Green
Barnsley
Barnstaple
Barnston (Uttlesford)
Barnston (Wirral)
Barnt Green
Barnwell
Barrhead
Barrington (South Cambridgeshire)
Barrington (South Somerset)
Barrow (Ribble Valley)
Barrow (St. Edmundsbury)
Barrow Hill
Barrow Hill (village)
Barrow upon Humber
Barrow upon Soar
Barrow upon Trent
Barroway Drove
Barrowby
Barrowden
Barrowford
Barrow-in-Furness
Barry
Bartley
Barton (Richmondshire)
Barton (South Cambridgeshire)
Barton (Wyre)
Barton Mills
Barton St David
Barton Stacey
Barton-le-Clay
Barton-under-Needwood
Barton-upon-Humber
Barwick
Barwick in Elmet
Baschurch
Basildon
Basingstoke
Baslow
Bassingbourn
Bassingbourn Barracks
Bassingham
Baston
Batcombe
Bath
Bathgate
Bathpool
Batley
Battisford Tye
Battle
Bawdeswell
Bawtry
Bay View
Baydon
Bayford
Bayston Hill
Beachamwell
Beachley
Beaconsfield
Beadnell
Beal
Beaminster
Bean
Beanacre
Beare Green
Bearley
Bearpark
Bearsden
Beauly
Beaumaris
Bebington
Beccles
Beckermet
Beckingham
Beckington
Beckley (Rother)
Beckley (South Oxfordshire)
Bedale
Beddau
Bedfield Long Green
Bedford
Bedlington
Bedlinog
Bedmond
Bedworth
Beech
Beeford
Beenham
Beeston
Beeston (Broxtowe)
Beeston (Central Bedfordshire)
Beeston Regis
Beetley
Begbroke
Begelly
Beith
Belbroughton
Belchamp St Paul
Belchford
Belcoo / Holywell
Belfast
Belford
Bellaghy
Bellanaleck
Bellarena
Belleek
Bellingham
Bellsbank
Bellshill
Belper
Belton (Great Yarmouth)
Belton (North Lincolnshire)
Belton (North West Leicestershire)
Belton-in-Rutland
Bembridge
Bempton
Benburb
Bendooragh
Benenden
Benington
Benllech
Benson
Bentley
Bentley (Babergh)
Bentley (East Hampshire)
Bentworth
Benwick
Beragh
Bere Alston
Bere Ferrers
Bere Regis
Berinsfield
Berkeley
Berkhamsted
Berrick Salome
Berriew
Berry Hill
Berrynarbor
Berry's Green
Berwick-upon-Tweed
Bescar
Bessbrook
Betchworth
Bethel
Bethersden
Bethesda
Betley
Betsham
Bettws
Betws-Y-Coed
Betws-yn-Rhos
Beverley
Bewdley
Bexhill
Beyton
Bicester
Bicker
Bickershaw (gm bua)
Bickershaw (gm buasd)
Bicknacre
Bicknoller
Bicton
Biddenden
Biddestone
Biddulph
Biddulph Moor
Bideford
Bidford-on-Avon
Bielby
Bigbury-on-Sea
Biggar
Biggin Hill
Biggleswade
Bignall End
Bigrigg
Bilbrough
Bildeston
Billericay
Billesdon
Billingborough
Billinge
Billingham
Billinghay
Billingshurst
Billington
Billy Row
Bilsborrow
Bilsby
Bilsthorpe
Bilston
Binbrook
Binfield Heath
Bingham
Bingley
Binley Woods
Binton
Birch Green
Birchall
Birchanger
Bircotes
Birdham
Birdingbury
Birdwell
Birkenhead
Birkhill and Muirhead
Birmingham
Birstall
Bishampton
Bishop Auckland
Bishop Burton
Bishop Middleham
Bishop Monkton
Bishop Sutton
Bishop Wilton
Bishopbriggs
Bishop's Castle
Bishop's Cleeve
Bishop's Itchington
Bishops Lydeard
Bishop's Nympton
Bishop's Stortford
Bishop's Tachbrook
Bishop's Tawton
Bishop's Waltham
Bishopsteignton
Bishopstone
Bishopthorpe
Bishopton
Bisley
Bitchet Green
Bittaford
Bitterscote
Bitton
Bix
Black Moor
Black Notley
Blackborough End
Blackboys
Blackburn
Blackburn (Aberdeenshire)
Blackburn (West Lothian)
Blackdown
Blackfield
Blackford
Blackford (Scotland)
Blackfordby
Blackhall Colliery
Blackheath
Blackmill
Blackminster
Blackmore
Blackmore End
Blackpool
Blackridge
Blackrod
Blackskull
Blackthorn
Blackwater
Blackwater (cornwall)
Blackwatertown
Blackwell
Blackwood
Bladon
Blaenannerch
Blaenau
Blaenau Ffestiniog
Blaenavon
Blaengwrach
Blaengwynfi
Blagdon
Blagdon Hill
Blaina
Blairgowrie
Blairhall
Blakedown
Blakeney (Forest of Dean)
Blakeney (North Norfolk)
Blakesley
Blandford Camp
Blandford Forum
Blantyre
Blaxton
Blaydon
Bleadon
Bleary
Bleasby
Bledington
Bledlow Ridge
Bletchingdon
Bletchingley
Bletchley
Blewbury
Blidworth
Blindley Heath
Blisworth
Blockley
Blofield
Blofield Heath
Bloxham
Bloxwich
Blundeston
Blunham
Blunsdon St Andrew
Bluntisham
Blyth
Blyth (Bassetlaw)
Blyton
Boars Hill
Boddam
Bodedern
Bodelwyddan
Bodenham Moor
Bodicote
Bodmin
Bognor Regis
Boleran
Bolingey
Bollington
Bolney
Bolsover
Bolter End
Bolton
Bolton (village)
Bolton Upon Dearne
Bolton-le-Sands
Bomere Heath
Bonby
Bo'ness
Bonhill
Bonnybridge
Bonnyrigg
Bonsall
Bontnewydd
Bonvilston
Boorley Green
Boosbeck
Boothsdale
Bootle
Borden
Bordesley
Bordon
Boreham
Borehamwood
Borough Green
Boroughbridge
Borrowash
Borrowby
Borth
Bosbury
Boscastle
Bosham
Bosham Hoe
Boston
Boston Spa
Bothel
Bothwell
Botley (Chiltern)
Botloe's Green - The Scarr
Bottesford
Bottisham
Bottom Boat
Bottom o' th' Moor
Boughton
Boughton Lees
Boughton Under Blean
Bouldnor
Bourn
Bourne
Bourne End
Bournemouth
Bournmoor
Bourton
Bourton-on-the-Water
Boveedy
Bovey Tracey
Bovingdon
Bovington Camp
Bow
Bow Brickhill
Bow Street
Bowburn
Bowerchalke
Bowgreave
Bowling Green
Bowmore
Bowness-on-Windermere
Box
Box Hill
Boxford
Boxted
Boxted Cross
Bozeat
Brabourne Lees
Bracebridge Heath
Brackley
Bracknell
Braco
Bradenham
Bradenstoke
Bradfield
Bradfield Heath
Bradford
Bradford Abbas
Bradford on Avon
Bradford Peverell
Bradford-on-Tone
Brading
Bradley (staffs)
Bradley (wrexham)
Bradninch
Bradwell (Braintree)
Bradwell (Derbyshire Dales)
Bradworthy
Brae
Brafield-on-the-Green
Braidwood
Brailsford
Braintree
Braishfield
Braithwaite
Braithwell
Bramcote
Bramdean
Bramfield
Bramford
Bramhall
Bramham
Bramhope
Bramley
Bramley (gl)
Bramley Park
Brampford Speke
Brampton (Carlisle)
Brampton (Huntingdonshire)
Bramshall
Brancaster
Brancaster Staithe
Brandesburton
Brandeston
Brandon (County Durham)
Brandon (Forest Heath)
Bransgore
Branston
Brant Broughton
Brantham
Branton
Brassington
Brasted
Brasted Chart
Bratton
Bratton Fleming
Braughing
Braunston
Braunston-in-Rutland
Braunton
Brawdy
Braybrooke
Brayton
Breachwood Green
Breadsall
Bready
Breage
Bream
Breaston
Brechin
Brecon
Bredgar
Bredon
Breedon on the Hill
Breighton
Brenchley
Brent Knoll
Brentwood
Brereton Heath
Bretforton
Bretherton
Brewood
Bridge
Bridge of Allan
Bridge of Earn
Bridge of Weir
Bridgend
Bridgend (Scotland)
Bridgnorth
Bridgwater
Bridlington
Bridport
Brierfield
Brierley
Brierley Hill
Brigg
Brigham
Brighouse
Brighstone
Brightlingsea
Brighton and Hove
Brightons
Brightwell-cum-Sotwell
Brigsley
Brigstock
Brill
Brimfield
Brimpton
Brinkley
Brinklow
Brinkworth
Brinscall
Brinsley
Bristol
Bristol International Airport
Briston
Brixham
Brixton
Brixworth
Brize Norton
Broad Blunsdon
Broad Campden
Broad Chalke
Broad Haven
Broad Heath
Broad Hinton
Broad Oak (Canterbury)
Broad Oak (North Dorset)
Broad Oak (Rother)
Broad Oak (Wealden)
Broadbottom
Broadbridge Heath
Broadclyst
Broadford
Broadhempston
Broadley Common
Broadmayne
Broadstairs
Broadwas
Broadway
Broadwell (Cotswold)
Broadwell (West Oxfordshire)
Broadwindsor
Brock Hill
Brockagh / Mountjoy
Brockenhurst
Brockham
Brockley
Brocton
Brodick
Brogborough
Bromeswell
Bromham (Bedford)
Bromham (Wiltshire)
Bromley Cross
Bromley Green
Brompton
Brompton-by-Sawdon
Brompton-on-Swale
Bromsgrove
Bromyard
Bronllys
Brook
Brooke
Brookeborough
Brookenby
Brookfield
Brookland
Brookmans Park
Brookville
Brookwood
Broom (beds)
Broom (warks)
Broomedge
Broomhall/Windlesham/Virginia Water
Broomhill
Brora
Broseley
Brotton
Brough
Brough (Eden)
Broughshane
Broughton (Flintshire)
Broughton (Kettering)
Broughton (North Lincolnshire)
Broughton (Preston)
Broughton (Test Valley)
Broughton Astley
Broughton Gifford
Broughton in Furness
Broughton Moor
Brownhills
Brownhills West
Broxburn
Broyle Side
Brundall
Brushford
Bruton
Bryansford
Bryn
Bryn Pydew
Brynamman
Bryncrug
Bryngwran
Brynmawr
Brynna
Brynsadler
Bubbenhall
Bubwith
Buchlyvie
Buckden
Buckfast
Buckfastleigh
Buckhaven
 Methil
 Methilhill and Leven
Buckhorn Weston
Buckie
Buckingham
Buckingham Park
Buckland
Buckland (village)
Buckland Dinham
Buckland Monachorum
Bucklesham
Buckley
Bucklow Hill
Bucknell (Cherwell)
Bucknell (Shropshire)
Bude
Budleigh Salterton
Bugbrooke
Bugle
Builth Wells
Bulford Camp
Bulkington
Bulkington (village)
Bull Bay
Bullingstone
Bulphan
Bumble's Green
Bunbury
Bungay
Buntingford
Buntingsdale
Bunwell
Burbage
Burchett's Green
Burcot
Bures
Burford
Burgess Hill
Burgh by Sands
Burgh le Marsh
Burgh St Peter
Burghclere
Burghclere Common
Burghead
Burghfield
Burghfield Common
Burghill
Burghwallis
Burham
Buriton
Burley
Burley in Wharfedale
Burley Street
Burn
Burneside
Burnfoot
Burnham Market
Burnham Overy Staithe
Burnham-on-Crouch
Burnham-on-Sea
Burnhope
Burniston
Burnley
Burnopfield
Burntisland
Burntwood
Burrelton
Burrenbridge
Burringham
Burrington
Burry Port
Burscough
Bursledon
Burstall
Burston
Burstow
Burstwick
Burton
Burton (Burton BUA)
Burton Agnes
Burton Bradstock
Burton Fleming
Burton in Lonsdale
Burton Joyce
Burton Latimer
Burton Lazars
Burton Leonard
Burton on the Wolds
Burton Overy
Burton Pidsea
Burton Salmon
Burton upon Stather
Burton-by-Lincoln
Burton-in-Kendal
Burtonwood
Burwash
Burwash Common
Burwell
Bury
Bury (village)
Bury St Edmunds
Busby
Bushey
Bushmills
Bushvale
Butleigh
Butterwick
Butt's Green
Buxted
Buxton
Buxton (Broadland)
Bwlchgwyn
Byers Green
Byfield
Byram
Cackle Street
Caddington
Cade Street
Caeathro
Caergeiliog
Caerleon
Caernarfon
Caerphilly
Caersws
Caerwent
Caerwys
Cairnbulg and Inverallochy
Cairneyhill
Caister-on-Sea
Caistor
Caldbeck
Caldecote
Calderbank
Caldercruix
Caldicot�(Cil-y-coed)
Caledon
California
Callander
Callington
Callow End
Callow Hill
Calne
Calstock
Calver
Calvert
Calverton
Camber
Camberley
Camblesforth
Camborne
Cambourne
Cambridge
Cambridge (Stroud)
Cambridge Batch
Cambuslang
Camelford
Camlough
Campbeltown
Campsall
Campsey
Campton
Canewdon
Cann Common
Cannington
Cannock
Cannock Wood
Canon's Town
Canterbury
Cantley
Canvey Island
Canwick
Caol
Capel
Capel Bangor
Capel St Mary
Capel-le-Ferne
Capenhurst
Cappagh
Carbrooke
Cardenden and Dundonald
Cardiff
Cardigan
Cardington
Cardrona
Cardross
Carfin
Cargan
Cargenbridge
Cargo
Cargreen
Carhampton
Carharrack
Carkeel
Carlby
Carleton-in-Craven
Carlisle
Carlton
Carlton (Bedford)
Carlton (Hinckley and Bosworth)
Carlton (Leeds)
Carlton (Selby)
Carlton (Stockton-on-Tees)
Carlton (Suffolk Coastal)
Carlton in Cleveland
Carlton in Lindrick
Carlton-le-Moorland
Carlton-on-Trent
Carluke
Carmarthen
Carmunnock
Carncastle
Carneatly
Carnforth
Carnkie
Carnlough
Carno
Carnock
Carnon Downs
Carnoustie
Carnwath
Carr Hall
Carrickfergus
Carrickmore
Carrington
Carron
Carronshore
Carrowdore
Carryduff
Carstairs
Carstairs Junction
Carterton
Carway
Cassington
Casterton
Castle Acre
Castle Bytham
Castle Camps
Castle Cary
Castle Donington
Castle Douglas
Castle Hedingham
Castle Rising
Castlecaulfield
Castledawson
Castlederg
Castleford
Castlereagh
Castlerock
Castleroe
Castleside
Castleton
Castleton (High Peak)
Castleton (Scarborough)
Castletown
Castlewellan
Caston
Castor
Catbrook
Catcliffe
Catcott
Caterham
Catfield
Catherine-de-Barnes
Catherington
Caton
Catrine
Catsfield
Catshill
Catterall
Catterick
Catterick Garrison
Cattistock
Catworth
Caunton
Causeway End
Cavendish
Cawood
Cawston (norfolk)
Cawston (rugby)
Cawthorne
Caxton
Caythorpe
Cefn Cribwr
Cefn-mawr
Cemaes
Ceres
Cerne Abbas
Cerrigydrudion
Chacewater
Chacombe
Chadderton
Chadlington
Chadwell St Mary
Chagford
Chaldon
Chale Green
Chalfont St Giles
Chalford
Chalgrove
Chalkhouse Green
Challock
Chalton
Champneys College
Chandler's Cross
Chapel Row
Chapel-en-le-Frith
Chapelhall
Chapelton
Chapeltown
Chapmanslade
Chappel
Chard
Chardstock
Charfield
Charing
Charing Heath
Charlbury
Charlemont
Charlesworth
Charlton (South Northamptonshire)
Charlton (Wychavon)
Charlton Adam
Charlton Down
Charlton Horethorne
Charlton Mackrell
Charlton Marshall
Charlton-on-Otmoor
Charlwood
Charminster
Charmouth
Charnock Richard
Charsfield
Chart Sutton
Chartham Hatch
Charvil
Chatburn
Chatham
Chattenden
Chatteris
Chawleigh
Cheadle (gm)
Cheadle (staffs)
Cheadle Hulme
Cheadle Road
 nr Cheddleton
Cheapside
Chearsley
Chedburgh
Cheddar
Cheddington
Cheddleton
Chedworth
Chedzoy
Chelford
Chelmondiston
Chelmsford
Chelston
Cheltenham
Chelwood Common
Chelwood Gate
Chelworth Lower Green
Chepstow
Cherhill
Cherington
Cheriton
Cheriton Bishop
Cheriton Fitzpaine
Cherry Burton
Cherry Willingham
Chertsey
Cheselbourne
Chesham
Cheshunt
Chester
Chesterfield
Chester-le-Street
Chesterton
Cheswardine
Cheswick Green
Chetnole
Cheveley
Chevington
Chew Magna
Chew Moor
Chew Stoke
Chichester
Chickerell
Chicksands
Chiddingfold
Chideock
Chieveley
Chigwell
Chilbolton
Chilcompton
Child Okeford
Childrey
Child's Ercall
Childswickham
Chilham
Chilham (village)
Chillington
Chilmark
Chilsworthy
Chilthorne Domer
Chilton (Aylesbury Vale)
Chilton (County Durham)
Chilton (Vale of White Horse)
Chilton Foliat
Chilton Polden
Chilworth
Chinley
Chinnor
Chippenham
Chippenham (East Cambridgeshire)
Chipperfield (Dacorum)
Chipperfield (Three Rivers)
Chipping
Chipping Campden
Chipping Norton
Chipping Ongar
Chipping Sodbury
Chipping Warden
Chirk
Chirk Bank
Chirnside
Chirton
Chiseldon
Chiserley
Chitterne
Chittlehampton
Chivenor Airfield
Chobham
Cholesbury
Cholsey
Choppington
Chopwell
Chorley
Chorleywood
Chorlton
Chrishall
Christchurch
Christchurch (cambs)
Christian Malford
Christow
Christ's Hospital
Chryston
Chudleigh
Chudleigh Knighton
Chulmleigh
Church
Church Bay
Church Brampton
Church Fenton
Church Lench
Church Stretton
Church Village
Churchill
Churchill (West Oxfordshire)
Churchstoke
Churchtown
Churt
Churt Lea
Churton
Chwilog
Cilgerran
Cinderford
Cirencester
Clabby
Clackmannan
Clacton-on-Sea
Cladswell
Clady
Cladymore
Clampits
Clanabogan
Clanfield
Clapham (Arun)
Clapham (Bedford)
Clapton in Gordano
Clarbeston Road
Clarborough
Clare
Clarehill
Clarkston
Claudy
Claverdon
Clavering
Claverley
Clawdd Poncen
Clay Cross
Claybrooke Magna
Claydon
Clayhill
Claypole
Clayton West
Clayton-le-Moors
Clayworth
Cleadon
Cleator Moor
Cleckheaton
Cleehill
Cleethorpes
Cleeve
Cleeve Prior
Clehonger
Cleland
Clenchwarton
Cleobury Mortimer
Clevedon
Cleveleys
Cley next the Sea
Cliff End
Cliffe (medway)
Cliffe (n yorks)
Cliffe Woods
Clifford
Clifford's Mesne
Cliffs End
Clifton
Clifton (Central Bedfordshire)
Clifton (Derbyshire Dales)
Clifton (Eden)
Clifton (Fylde)
Clifton Campville
Clifton Hampden
Clifton upon Teme
Clint Green
Clipston
Clitheroe
Clive
Cliviger
Clogh
Clogh Mills
Clogher
Clonmore
Clonvaraghan
Clophill
Clough
Cloughey
Cloughton
Clowne
Clun
Clunderwen
Clutton
Clydach
Clydebank
Clyro
Clyst Honiton
Clyst St Mary
Coagh
Coalburn
Coalhill
Coalisland
Coalpit Heath
Coalsnaughton
Coaltown of Balgonie
Coaltown of Wemyss
Coalville
Coalway
Coatbridge
Coates (Cotswold)
Coates (Fenland)
Cobham (Elmbridge)
Cobham (Gravesham)
Cockenzie
Cockermouth
Cockfield
Cocking
Cocklake
Cockshutt
Cockwood
Coddenham
Coddington
Codford St Peter
Codsall
Coedhirwaun
Coedpoeth
Coelbren
Coffinswell
Cogenhoe
Coggeshall
Cogry / Kilbride
Colaton Raleigh
Colburn
Colchester
Cold Ash
Cold Norton
Coldeast
Colden Common
Coldfair Green
Coldingham
Coldstream
Coldwaltham
Coleford
Coleford (Mendip)
Coleorton
Coleraine
Colerne Airfield
Coleshill (Chiltern)
Coleshill (North Warwickshire)
Colkirk
Collegeland
Collett's Green
Collingbourne Ducis
Collingbourne Kingston
Collingham (nottinghamshire)
Collingham (west yorkshire)
Collingtree
Collyweston
Colne
Colne Engaine
Colney
Colney Heath
Colsterworth
Coltishall
Colton (Lichfield)
Colwyn Bay
Colyford
Colyton
Combe
Combe Martin
Combe St Nicholas
Comber
Comberbach
Comberton
Combs
Combwich
Commercial End
Compton
Compton (West Berkshire)
Compton Dundon
Compton End
Compton Martin
Comrie (Fife)
Comrie (Perth & Kinross)
Condover
Coney Island
Coney Weston
Congleton
Congresbury
Coningsby Airfield
Conisbrough
Coniston
Connah's Quay
Connor Downs
Conon Bridge and Maryburgh
Cononley
Consett
Constantine
Constantine Bay
Conwy
Cookham
Cookley
Cookshill
Cookstown
Coombe Bissett
Coopersale
Cople
Copmanthorpe
Copplestone
Coppull
Copster Green
Copthorne
Corbet
Corbridge
Corby
Corby Glen
Corfe Castle
Corkey
Cornforth
Cornhill on Tweed
Cornholme
Corpusty
Corringham (West Lindsey)
Corscombe
Corse
Corse Lawn
Corsham
Corston (Bath and North East Somerset)
Corston (Wiltshire)
Corton
Corwen
Cosby
Coseley
Cosford Airfield
Cosgrove
Cosheston
Cossington
Costessey
Costock
Cotford St Luke
Cotgrave
Cotherstone
Coton
Coton in the Elms
Cottenham
Cottered
Cottesmore
Cottesmore Airfield
Cottingham
Cottingham (northants)
Cotton
Cotton End
Coundon
Countess
Countesthorpe
Coupar Angus
Cove Bay
Coven
Coveney
Covenham St Mary
Coventry
Coverack
Cowbit
Cowbridge
Cowdenbeath
Cowes
Cowfold
Cowie
Cowling
Coxheath
Coxhoe
Coylton
Cradley
Craghead
Craigarogan
Craigavole
Craigavon
Craig-cefn-parc
Crail
Cramlington
Cranage
Cranagh
Cranborne
Cranbourne
Cranbrook
Cranfield
Cranleigh
Cranmore
Cransford
Crantock
Cranwell
Cranwell (North West)
Cranwell RAF College and Airfield
Crapstone
Craven Arms
Crawfordsburn
Crawley
Crawley (Winchester)
Crawley Down
Crays Hill
Creagh
Creaton
Credenhill
Crediton
Creech St Michael
Creetown
Creggan-Cranfield
Creigiau
Cressage
Creswell
Crewe
Crewkerne
Crews Hill
Criccieth
Crich
Crick
Crickhowell
Cricklade
Crieff
Crimond
Cringleford
Crockenhill
Crockerton
Crockham Hill
Croeserw
Croft (Blaby)
Croft (Warrington)
Crofton
Crofty
Cromarty
Cromer
Cromford
Cromwell
Crondall
Crook
Cropredy
Cropston
Cropthorne
Cropwell Bishop
Cropwell Butler
Crosby
Crosby (cumbria)
Croscombe
Cross
Cross Hills
Cross in Hand
Cross Inn
Cross Lanes
Crossford (Fife)
Crossford (South Lanarkshire)
Crossgar
Crossgates
Crossgates (Scotland)
Crosshill
Crosshill
Crosshouse
Crossmaglen
Crossnacreevy
Crossways
Croston
Crouch
Croucheston
Croughton
Crow
Crow Hill
Crow Hill Housing Estate
Crowborough
Crowfield
Crowhurst
Crowland
Crowlas
Crowle (North Lincolnshire)
Crowle (Wychavon)
Crowmarsh Gifford
Crowthorne
Croxdale
Croxton
Croxton Kerrial
Croy
Croyde
Cruden Bay
Crudwell
Crumlin
Crundale
Crymlyn Burrows
Crymych
Crynant
Cubert
Cublington
Cuckfield
Cuddesdon
Cuddington (Aylesbury Vale)
Cuddington (Cheshire West and Chester)
Cudham
Cudworth
Cudworth (village)
Cuffley
Culcheth
Culdrose Airfield
Culford
Culgaith
Culham
Cullaville
Cullen
Cullingworth
Culloden
Cullompton
Cullybackey
Cullyhanna
Culmore
Culmstock
Culnady
Culverstone Green
Culworth
Cumbernauld
Cuminestown
Cumnock
Cumnor
Cumwhinton
Cupar
Curbridge
Curdridge
Curdworth
Curran
Curridge
Curry Rivel
Curtisden Green
Cushendall
Cushendun
Cutnall Green
Cutthorpe
Cuxton
Cwm
Cwmann
Cwmavon
Cwmbran
Cwmfelinfach
Cwmllynfell
Cwrt Y Gollen
Cymmer
Cynwyd
Dagnall
Dailly
Dalbeattie
Dalgety Bay
Dalkeith
Dalmellington and Burnton
Dalry
Dalrymple
Dalston
Dalton
Dalton-in-Furness
Damerham
Danbury
Danderhall
Dane End
Danehill
Danesfield
Darenth
Darfield
Darite
Darkley
Darlaston
Darley
Darley Dale
Darlington
Darragh Cross
Darrington
Dartington
Dartmouth
Darvel
Darwen
Datchet
Datchworth
Dauntsey
Daventry
Dawlish
Deal
Dean Row
Deanland Wood Park
Deanshanger
Dearham
Debden
Debenham
Dechmont
Deddington
Dedham
Dedham Heath
Deepcut
Deeping St Nicholas
Deeside Industrial Park
Defford
Deiniolen
Delabole
Delamere
Delph
Denbigh
Denbury
Denby Bottles
Denby Common
Denby Dale
Denham
Denham Green
Denholm
Denholme
Denmead
Dennington
Denny
Dennyloanhead
Denshaw
Densole
Denstone
Denton
Denton (South Kesteven)
Denton (South Northamptonshire)
Derby
Dereham
Deri
Dernaflaw
Dernagh / Clonoe
Derrington
Derry Hill
Derryadd
Derrygonnelly
Derryhale
Derrykeighan
Derrylee
Derrylin
Derrymacash
Derrymore
Derrytrasna
Dersingham
Dervock
Desborough
Desertmartin
Desford
Detling
Devizes
Devoran
Dewsbury
Dickens Heath
Dickleburgh
Didcot
Didmarton
Digby
Dinas Cross
Dinas Powis
Dinghurst
Dingwall
Dinnington (Newcastle upon Tyne)
Dinnington (Rotherham)
Dinton (Aylesbury Vale)
Dinton (Wiltshire)
Dipley
Diseworth
Dishforth
Dishforth Airfield
Diss
Distington
Ditcheat
Ditchingham
Ditchling
Dittisham
Ditton
Ditton Priors
Doagh
Dobwalls
Dockenfield
Docking
Doddinghurst
Doddinghurst Common
Doddington
Dodford
Dodleston
Dodworth
Doe Lea
Dolgarrog
Dolgellau
Dollar
Dollingstown
Dolton
Domewood
Donagh
Donaghadee
Donaghcloney
Donagheady
Donaghmore
Doncaster
Donemana
Donhead St Mary
Donington
Donisthorpe
Dooish
Dorchester
Dorchester (South Oxfordshire)
Dorking
Dormans Park
Dormansland
Dorney
Dorney Reach
Dornoch
Dorrington (North Kesteven)
Dorrington (Shropshire)
Dorstone
Douglas
Douglas Bridge
Doune
Dousland
Dove Holes
Dover
Doveridge
Down Ampney
Down Field
Downderry
Downe
Downgate
Downham
Downham Market
Downpatrick
Downton
Drakes Broughton
Drapersfield
Draperstown
Drax
Draycott
Draycott in the Clay
Drayton (South Somerset)
Drayton (Vale of White Horse)
Drayton Parslow
Drayton St Leonard
Dreghorn
Driffield
Drinkstone Green
Droitwich
Dromara
Dromore
Dronfield
Drongan
Droxford
Droylsden
Drumagarner
Drumaness
Drumaroad
Drumbeg
Drumbo
Drumintee
Drumlegagh
Drumlough
Drummullan
Drumnacanvy
Drumnadrochit
Drumnakilly
Drumoak
Drumquin
Drumsurn
Dry Drayton
Drybrook
Drymen
Duckmanton
Duddon
Dudley
Dudley (North Tyneside)
Duffield
Dufftown
Duffus
Duke's Hill
Dukinfield
Dullatur
Dullingham
Dulverton
Dumbarton
Dumbleton
Dumfries
Dummer
Dunadry
Dunaghy
Dunball
Dunbar
Dunbeg
Dunblane
Dunchurch
Dundee
Dundon
Dundonald
Dundrod
Dundrum
Dundry
Duneight
Dunfermline
Dungannon
Dungiven
Dunham-on-the-Hill
Dunholme
Dunipace
Dunkeld and Birnam
Dunkeswell
Dunkirk
Dunlop
Dunloy
Dunman
Dunnamore
Dunnaval / Ballyardle
Dunning
Dunnington
Dunoon
Duns
Duns Tew
Dunscroft
Dunsfold
Dunstable
Dunstan Lane
 nr Burton
Dunster
Dunston
Dunswell
Duntocher and Hardgate
Dunton
Dunton Bassett
Duporth
Durfold Wood
Durham
Durham Tees Valley International Airport
Durley
Dursley
Durweston
Duxford
Duxford Airfield
Dwygyfylchi
Dwyran
Dyce
Dyffryn Cellwen
Dymchurch
Dymock
Dyserth
Eagle
Eaglesfield
Eaglesham
Eakring
Ealand
Earby
Eardington
Eardisley
Eardiston
Earith
Earl Shilton
Earl Soham
Earls Barton
Earls Colne
Earlston
Earlswood
Earsham
Earswick
Easebourne
Easington (County Durham)
Easington (East Riding of Yorkshire)
Easington (Redcar and Cleveland)
Easingwold
East Ayton
East Barkwith
East Bergholt
East Boldre
East Brent
East Bridgford
East Budleigh
East Calder
East Challow
East Chinnock
East Cowes
East Cowton
East Drayton
East End
East Farndon
East Garston
East Goscote
East Grafton
East Grimstead
East Grinstead
East Haddon
East Halton
East Hanney
East Hanningfield
East Harling
East Harptree
East Harting
East Hendred
East Hoathly
East Horsley
East Huntspill
East Ilsley
East Keal
East Keswick
East Kilbride
East Kirkby
East Knoyle
East Leake
East Linton
East Markham
East Meon
East Morton
East Ogwell
East Peckham
East Rainton
East Rudham
East Runton
East Stour
East Studdal
East Tilbury
East Wellow
East Wemyss
East Whitburn
East Winch
East Wittering
East Worldham
Eastbourne
Eastbury
Eastchurch
Easter Compton
Eastington
Eastleach Martin
Eastleigh
Eastoft
Easton
Easton (South Norfolk)
Easton (Suffolk Coastal)
Easton on the Hill
Easton Royal
Eastriggs
Eastrington
Eastry
Eastwood
Eaton Bray
Ebberston
Ebbw Vale
Ebchester
Ebford
Ebrington
Ecclefechan
Eccles
Eccles (sevenoaks)
Eccles on Sea
Eccleshall
Eccleston
Eckington (sheffield)
Eckington (worcs)
Ecton
Edenaveys
Edenberry
Edenbridge
Edendork
Edenfield
Ederney
Edgcott
Edge
Edgmond
Edgworth
Edinburgh
Edingale
Edingley
Edington
Edith Weston
Edwinstowe
Edzell
Efail Isaf
Effingham
Eggborough
Egginton
Egham
Eglinton
Eglish
Egmanton
Egremont
Elder Street
Elderslie
Eldon Lane
Elford
Elgin
Elham
Elie and Earlsferry
Elkesley
Elland
Ellerker
Ellerton
Ellesborough
Ellesmere
Ellesmere Port
Ellingham
Ellington
Ellington (Huntingdonshire)
Ellistown
Ellon
Elmbridge Village
Elmdon
Elmesthorpe
Elmley Castle
Elmsett
Elmstead Market
Elmswell
Elphinstone
Elsenham
Elsham
Elstead
Elston
Elstree
Elswick
Elsworth
Eltisley
Elton
Elton (cambs)
Elvington
Elvington Airfield
Elwick
Ely
Emberton
Embleton
Embsay
Emley
Empingham
Emsworth
Endmoor
Enham Alamein
Enniskillen
Enstone
Enton Green
Epperstone
Epping
Epsom
Epworth
Erganagh
Erpingham
Errol
Erskine
Escrick
Esh Winning
Esher
Essendine
Essendon
Etchingham
Etchinghill
Eton
Eton Wick
Ettington
Etton
Etwall
Euxton
Evanton
Evenley
Evenwood
Evercreech
Everdon
Eversley
Eversley Centre
Eversley Cross
Everthorpe Hall
Everton
Everton (Bassetlaw)
Everton (New Forest)
Evesham
Ewell
Ewen
Ewenny
Ewerby
Ewhurst
Ewshot
Ewyas Harold
Exbourne
Exeter
Exminster
Exmouth
Exton
Exton (Rutland)
Eyam
Eydon
Eye (City of Peterborough)
Eye (Mid Suffolk)
Eye Green
Eyemouth
Eyke
Eynsford
Eynsham
Eythorne
Faifley
Failand
Failsworth
Fairbourne
Fairburn
Fairfield (bua)
Fairfield (buasd)
Fairfield Park
Fairford
Fairford Airfield
Fairlands
Fairlie
Fairlight
Fakenham
Faldingworth
Falkirk
Falkland
Fallin
Falmouth
Far Forest
Farcet
Fareham
Faringdon
Farley Green
Farmborough
Farnborough
Farnborough (Stratford-on-Avon)
Farndon (Cheshire West and Chester)
Farndon (Newark and Sherwood)
Farnham
Farnsfield
Farnworth
Farrington Gurney
Fauldhouse
Faversham
Fawley
Fazeley
Featherstone (South Staffordshire)
Featherstone (Wakefield)
Featherstone Prison
Feckenham
Feeny
Feering
Felcourt
Felixstowe
Felmersham
Felsham
Felsted
Felthorpe
Felton
Felton (Northumberland)
Feltwell
Fen Ditton
Fen Drayton
Fen End
Fence
Fence Houses
Feniton
Fenny Compton
Fenny Drayton
Fenstanton
Fenwick
Feock
Ferndale
Ferndown
Fernhill
Fernhill Heath
Fernhurst
Ferriby High Road
 nr North Ferriby
Ferryden
Ferryhill
Ferryside
Fewcott
Ffairfach
Fifield
Filby
Filey
Filkins
Fillongley
Filton
Fincham
Finchampstead
Finchingfield
Findern
Findhorn
Findochty
Findon
Finedon
Finmere
Finningham
Finningley
Finstock
Fintona
Finvoy
Firsdown
Fishbourne
Fishburn
Fishguard
Fishlake
Fishtoft
Fiskerton
Fiskerton (West Lindsey)
Fittleworth
Five Ashes
Five Oak Green
Fivehead
Fivemiletown
Fladbury
Flamborough
Flamstead
Flax Bourton
Flaxton
Fleckney
Flecknoe
Fleet
Fleet Hargate
Fleetwood
Fleggburgh (Burgh St Margaret)
Fletching
Flexbury
Flexford
Flimby
Flimwell
Flint
Flint Mountain
Flintham
Flockton
Flookburgh
Flore
Florencecourt / Drumlaghy
Flushing
Flyford Flavell
Fochabers
Fochriw
Fold Hill
Folkestone
Folkingham
Folksworth
Fontmell Magna
Ford (salop)
Ford (yapton)
Ford End
Fordcombe
Forden
Fordham (Colchester)
Fordham (East Cambridgeshire)
Fordingbridge
Foreglen
Forest Hill
Forest Row
Forfar
Forgandenny
Forkhill
Formby
Forncett End
Fornham All Saints
Fornham St Martin
Forres
Fort Augustus
Fort Halstead
Fort William
Forth
Forton
Fortrose
Fortuneswell
Fosdyke
Foston (South Kesteven)
Fotherby
Foulden
Foulridge
Foulsham
Four Crosses
Four Lanes
Four Marks
Four Throws
Fovant
Fowey
Fowlmere
Fownhope
Fox Street
Foxley
Foxton (Harborough)
Foxton (South Cambridgeshire)
Fradley
Fradley South
Framfield
Framlingham
Frampton Cotterell/Winterbourne
Frampton on Severn
Frankton
Frant
Fraserburgh
Frating Green
Freckenham
Freckleton
Freeland
Freethorpe
Freiston
Fremington
Freshford
Freshwater
Freshwater East
Fressingfield
Frettenham
Freuchie
Frieth
Frimley
Fringford
Frinton-on-Sea
Friockheim
Frisby on the Wreake
Friskney
Friskney Eaudyke
Friston
Fritchley
Frithville
Frittenden
Fritwell
Frizington
Frodsham
Froggatt
Frogham
Frome
Froncysyllte
Frosterley
Fryerning
Fulbeck
Fulford
Full Sutton
Fuller's Moor
Fulmer
Fulstow
Fulwood
Funtington
Furness Vale
Furneux Pelham
Furzehill
Fyfield
Gaddesby
Gaerwen
Gainford
Gainsborough
Galashiels
Galbally
Galgate
Galhampton
Gallowstree Common
Galston
Gamble's Green
Gamesley
Gamlestown
Gamlingay
Gamston
Gander's Green
Garboldisham
Gardenstown
Garelochhead
Garforth
Gargrave
Gargunnock
Garmouth
Garrison
Garsington
Garstang
Gartcosh
Garthorpe
Garton-on-the-Wolds
Garvagh
Garvaghey
Garvestone
Gastard
Gatehouse of Fleet
Gateshead
Gatley
Gauldry
Gaunt's Common
Gawcott
Gawsworth
Gaydon
Gayton (King's Lynn and West Norfolk)
Gayton (South Northamptonshire)
Gazeley
Geddington
Gedney
Gedney Drove End
Gedney Dyke
Gedney Hill
Geldeston
George Green
Georgeham
Germoe
Gerrans
Gerrards Cross
Gibraltar
Gibson's Hill
Giffnock
Gifford
Gilberdyke
Gilfach Goch
Gilford
Gillingham
Gillingham (North Dorset)
Gillygooly
Gilmorton
Gilsland
Gilwern
Girton
Girvan
Gisburn
Gislingham
Glack
Glais
Glaisdale
Glanaman
Glapthorn
Glapwell
Glasgow
Glassford
Glasshouses
Glassrrumman/ Mullartown
Glastonbury
Glastry
Glatton
Glazebury
Glebe
Glemsford
Glen
Glenanne (Lisdrumchor)
Glenariff Bay
Glenarm
Glenavy
Glenboig
Gleneagles
Glenfarg
Glenkeen
Glenluce
Glenmavis
Glenmornan
Glenochil Village
Glenoe
Glenone
Glenrothes
Glentham
Glenullin
Glinton
Glossop
Gloucester
Gloucestershire Airport
Glyn Ceiriog
Glyncoch
Glyncorrwg
Glynn
Glyn-neath
Gnosall
Goathland
Gobowen
Godalming
Godmanchester
Godolphin Cross
Godshill (Isle of Wight)
Godshill (New Forest)
Godstone
Golborne
Goldhanger
Goldsborough
Goldsithney
Goldthorpe
Golspie
Gomeldon
Gooderstone
Goodleigh
Goodmanham
Goodwick
Goodworth Clatford
Goole
Goonhavern
Goosnargh
Goostrey
Gorebridge
Gorefield
Goring
Gorleston-on-Sea
Gorran Haven
Gorsedd
Gorseinon
Gorsley Common
Gortaclare / Moylagh
Gortin
Gortnahey
Gosberton
Gosfield
Gosforth
Goshaden
Gosport
Gotham
Gotherington
Goudhurst
Goulceby
Gourdon
Gourock
Govilon
Gowdall
Gowerton
Gowkthrapple
Goxhill
Graffham
Grafty Green
Grain
Grainthorpe
Grampound
Grampound Road
Granborough
Grange Corner
Grange Moor
Grangemouth
Grange-over-Sands
Grantchester
Grantham
Grantown-on-Spey
Granville
Grasby
Grassington
Grassmoor
Graveley
Gravesend
Grays
Gray's Park
Grayshott
Grayswood
Great Abington
Great Addington
Great Amwell
Great Ayton
Great Bardfield
Great Barford
Great Barrow
Great Barton
Great Barton (East)
Great Bedwyn
Great Bentley
Great Bircham
Great Blakenham
Great Bourton
Great Brickhill
Great Broughton (Allerdale)
Great Broughton (Hambleton)
Great Casterton
Great Chesterford
Great Cheverell
Great Chishill
Great Clifton
Great Comberton
Great Corby
Great Crakehall
Great Dalby
Great Doddington
Great Dunmow
Great Easton (Harborough)
Great Easton (Uttlesford)
Great Eccleston
Great Ellingham
Great Eversden
Great Finborough
Great Gidding
Great Glen
Great Gonerby
Great Gransden
Great Green
Great Harwood
Great Haseley
Great Haywood
Great Hockham
Great Holland
Great Horkesley
Great Hormead
Great Horwood
Great Houghton (Barnsley)
Great Houghton (Northampton)
Great Kimble
Great Kingshill
Great Knowley
Great Leighs
Great Limber
Great Livermere
Great Longstone
Great Lumley
Great Malgraves
Great Malvern
Great Massingham
Great Milton
Great Moulton
Great Notley
Great Oakley
Great Offley
Great Ouseburn
Great Paxton
Great Ponton
Great Preston
Great Rissington
Great Rollright
Great Ryburgh
Great Sampford
Great Shefford
Great Snoring
Great Somerford
Great Staughton
Great Stukeley
Great Tey
Great Torrington
Great Totham
Great Urswick
Great Wakering
Great Waldingfield
Great Waltham
Great Wilbraham
Great Witley
Great Wratting
Great Wyrley
Great Yarmouth
Great Yeldham
Greatford
Greatham
Greatham (Hartlepool)
Greatworth
Green Hammerton
Greencastle
Greenfield
Greengairs and Wattson
Greenhill
Greenisland
Greenlaw
Greenock
Greens Norton
Greetham
Grendon
Grendon Underwood
Gresford
Gressenhall
Gretna
Gretton (Corby)
Gretton (Tewkesbury)
Grewelthorpe
Greyabbey
Greylees
Greysouthen
Greysteel
Greystoke
Greywell
Griffydam
Grimethorpe
Grimsargh
Grimsby
Grimston
Grindleford
Grindleton
Gringley on the Hill
Gristhorpe
Griston
Groby
Groes-faen
Groeslon
Groggan
Gronant
Groombridge
Groomsport
Grove
Grovesend
Grundisburgh
Guardbridge
Guilden Morden
Guilden Sutton
Guildford
Guilsborough
Guilsfield
Guisborough
Guiseley
Gulladuff
Gullane
Gundleton
Gunness
Gunnislake
Gunthorpe
Gurney Slade
Guyhirn
Gwalchmai
Gwaun-Cae-Gurwen
Gweek
Gwernaffield-y-Waun
Gwernymynydd
Gwespyr
Gwynfryn
Habrough
Hackleton
Haddenham (Aylesbury Vale)
Haddenham (East Cambridgeshire)
Haddington
Haddiscoe
Hadham Cross
Hadleigh
Hadlow
Hadlow Down
Hadstock
Hadston
Haggs
Hagworthingham
Hail Weston
Hailey
Hailsham
Hainford
Halam
Halberton
Hale (halton)
Hale (new forest)
Hale (trafford)
Hales
Halesowen
Halesworth
Halford
Halfpenny Gate
Halftown
Halifax
Halkirk
Halland
Hallaton
Hallatrow
Hallglen
Hallow
Halsall
Halstead
Halstead (village)
Halstock
Halton
Halton (lancaster)
Halton Holegate
Haltwhistle
Halvergate
Halwill Junction
Ham
Hambledon
Hambledon (village)
Hamble-le-Rice
Hambleton (Selby)
Hambleton (Wyre)
Hambridge
Hambrook
Hamilton
Hamiltonsbawn
Hammerwich
Hampstead Norreys
Hampsthwaite
Hampton Bishop
Hampton in Arden
Hampton Lovett
Hampton Magna
Hamsterley (nr Consett)
Hamsterley (nr Witton-le-Wear)
Hamsterley Mill
Hamstreet
Handcross
Hanley Swan
Hannahstown
Hannington
Hanslope
Hanwood
Happisburgh
Hapton
Harbury
Harby
Harden
Hardington Mandevil
Hardington Moor
Hardwick (South Cambridgeshire)
Hardwick (South Norfolk)
Hardwick Wood
Hare Green
Harefield
Hargrave
Harlaxton
Harlech
Harleston
Harling Road
Harlington
Harlow
Harlton
Harman's Cross
Harmby
Harmer Hill
Harmston
Harpenden
Harpole
Harrietsham
Harrogate
Harrold
Harrowbarrow
Harston
Hartest
Hartfield
Harthill
Harthill (Scotland)
Hartland
Hartlebury
Hartlepool
Hartley (Sevenoaks)
Hartley (Tunbridge Wells)
Hartley Wintney
Hartlip
Hartnoll
Hartpury
Hartpury College
Hartwell
Harvington
Harwell
Harwell Science and Innovation Campus
Harwich
Hascombe (North)
Haselbury Plucknett
Haslemere
Haslingden
Haslingfield
Haslington
Hastings
Haswell
Hatch Beauchamp
Hatfield
Hatfield Broad Oak
Hatfield Heath
Hatfield Peverel
Hatherleigh
Hathern
Hathersage
Hattersley
Hatton (derbyshire)
Hatton (warks)
Hatton of Cruden
Haughley
Haughton
Hauxton
Havant
Havenstreet
Haverfordwest
Haverhill
Haverigg
Havering's Grove
Hawes
Hawick
Hawkesbury Upton
Hawkhurst
Hawkinge
Hawkshaw
Hawksworth
Hawley
Haworth
Hawsker
Hawthorn
Haxby
Haxey
Haydock
Haydon Bridge
Hayfield
Hayle
Haynes
Hay-on-Wye
Hayton (Allerdale)
Hayton (Carlisle)
Hayton (East Riding of Yorkshire)
Haytor Vale
Haywards Heath
Hazel Grove
Hazelbury Bryan
Hazelwood
Head of Muir
Headcorn
Headley
Headley (Basingstoke and Deane)
Headley Down
Heads Nook
Heage
Healing
Heanor
Heapham
Heath and Reach
Heath End
Heather
Heathfield
Heathfield (Teignbridge)
Hebburn
Hebden Bridge
Heckfield Green
Heckington
Heckmondwike
Heddington
Heddon-on-the-Wall
Hedenham
Hedge End
Hedon
Heighington
Helen's Bay
Helensburgh
Helford Passage
Hellaby
Hellifield
Hellingly
Helmdon
Helmsley
Helperby
Helpringham
Helpston
Helsby
Helston
Hemel Hempstead
Hemingbrough
Hemingford Abbots
Hemingford Grey
Hempnall
Hempnall Green
Hempstead
Hemsby
Hemswell
Hemswell Cliff
Hemsworth
Hemyock
Henbury
Hendreforgan
Henfield
Henfynyw
Hengell Uchaf Estate
Henham
Henley
Henley-In-Arden
Henley-on-Thames
Henllan
Henlow
Hensall
Henstridge
Henton
Heol-y-Cyw
Hepscott
Hepworth
Hereford
Hermitage
Herne Bay
Hersden
Herstmonceux
Hertford
Hertford Heath
Heskin Green
Hessett
Hessle
Heswall
Hethersett
Hetton-le-Hole
Heversham
Hevingham
Hexham
Hextable
Hexton
Heybridge Basin
Heybrook Bay
Heydon
Heysham
Heytesbury
Heywood
Heywood (village)
Hibaldstow
Hickling (North Norfolk)
Hickling (Rushcliffe)
High Ackworth
High Beach
High Bentham
High Bickington
High Bonnybridge
High Clarence
High Cross
High Easter
High Ercall
High Garrett
High Halden
High Halstow
High Ham
High Kelling
High Lane
High Legh
High Littleton
High Melton
High Park Corner
High Pittington
High Roding
High Shincliffe
High Spen
High Valleyfield
High Wycombe
Higham
Higham (gravesham)
Higham Ferrers
Higham on the Hill
Higham Park
Higher Boscaswell
Higher Folds
Higher Kinnerton
Higher Wheelton
Higher Wincham
Highleigh
Highley
Highnam
Highpoint Prison
Highsted
Hightown
Highworth
Hildenborough
Hilgay
Hill Dale
Hill Mountain
Hill Ridware
Hillesley
Hillhall
Hillhead
Hillsborough And Culcavy
Hillside
Hilltown
Hilton (Huntingdonshire)
Hilton (South Derbyshire)
Hilton (Stockton-on-Tees)
Himley
Hinckley
Hinderclay
Hinderwell
Hindley
Hindolveston
Hindon
Hindringham
Hingham
Hinstock
Hinton
Hinton St George
Hinton St Mary
Hinton Waldrist
Hipsburn
Hirwaun
Histon
Hitcham
Hitchin
Hixon
Hobson
Hoby
Hockley Heath
Hockliffe
Hockwold cum Wilton
Hoddesdon
Hoddlesden
Hodnet
Hoghton
Hogpits Bottom
Hogsthorpe
Holbeach
Holbeach Clough
Holbeach Drove
Holberrow Green
Holbrook
Holcombe (devon)
Holcombe (somerset)
Holcombe Rogus
Hollesley
Hollinfare
Holloway
Hollym
Holme (Huntingdonshire)
Holme (South Lakeland)
Holme Hale
Holme Lacy
Holme next the Sea
Holme-on-Spalding-Moor
Holmes Chapel
Holmesfield
Holmeswood (West)
Holmfirth
Holmwood
Holsworthy
Holt
Holt (North Norfolk)
Holt (Wiltshire)
Holtby
Holton
Holton le Clay
Holy Cross
Holyhead
Holymoorside
Holytown
Holywell
Holywell (Central Bedfordshire)
Holywell (Huntingdonshire)
Holywell Green
Holywell Row
Holywood
Homer
Honey Hill
Honeybourne
Honingham
Honington
Honington Airfield
Honiton
Hoo Marina Park
Hoo St Werburgh
Hook (Hart)
Hook (Pembrokeshire)
Hook Norton
Hook Park Estate
Hooley
Hooton
Hope
Hope (High Peak)
Hopeman
Hopton
Hopton on Sea
Hopwas
Hopwood
Horam
Horbling
Horbury
Hordle
Horham
Horley
Horley (village)
Hornby
Horncastle
Horndean
Horndon on the Hill
Horney Common
Hornick
Horning
Horningsea
Hornsea
Hornton
Horringer
Horsford
Horsforth
Horsham
Horsham St Faith
Horsington
Horsley
Horsley (village)
Horsleys Green
Horsmonden
Horspath
Horsted Keynes
Horton (South Gloucestershire)
Horton (South Northamptonshire)
Horton (South Somerset)
Horton (Windsor and Maidenhead)
Horton Kirby
Horton-cum-Studley
Horwich
Hose
Hotham
Hough
Houghton
Houghton (Huntingdonshire)
Houghton (Test Valley)
Houghton Conquest
Houghton on the Hill
Houghton Regis
Houghton-le-Spring
Houston
Hoveringham
Hoveton
Hovingham
How Wood
Howden
Howden-le-Wear
Howe Green
Howle Hill
Howsham
Howwood
Hoylake
Hoyland
Hoylandswaine
Huby (Hambleton)
Huby (Harrogate)
Hucknall
Huddersfield
Huggate
Hugh town
Hughenden Valley
Hull
Hull Bridge
Hulland Ward
Hullavington
Hullbridge
Humshaugh
Huncote
Hundleton
Hundon
Hunger Hill
Hungerford
Hunmanby
Hunsdon
Hunstanton
Hunston
Huntingdon
Huntley
Huntly
Hunton
Huntspill
Hunwick
Hurley
Hurley (North Warwickshire)
Hurlford and Crookedholm
Hursley
Hurst
Hurst Green (Ribble Valley)
Hurst Green (Rother)
Hurstbourne Tarrant
Hurstpierpoint
Hurworth-on-Tees
Husbands Bosworth
Husthwaite
Huttoft
Hutton (east riding)
Hutton (preston)
Hutton Cranswick
Hutton Rudby
Hyde
Hyde (New Forest)
Hyde Heath
Hyde Lea
Hydestile
Hythe
Hythe (new forest)
Ibstock
Ickburgh
Ickford
Ickleford
Icklesham
Ickleton
Icklingham
Ickwell
Ide
Ide Hill
Iden
Ifold
Ightham
Ilchester
Ilfracombe
Ilkeston
Ilkley
Ilmington
Ilminster
Ilton
Immingham
Ince Blundell
Ince-in-Makerfield
Inchinnan
Inchture
Indian Queens
Ingatestone
Ingham (St. Edmundsbury)
Ingham (West Lindsey)
Ingleby Barwick
Ingleton
Ingoldsby
Ingrave
Inkberrow
Inkford
Inkpen
Innellan
Inner Hope
Innerleithen
Innishrush
Innsworth
Insch
Instow
Inveraray
Inverbervie
Invergordon
Invergowrie
Inverkeithing
Inverkip
Inverness
Inverurie
Ipplepen
Ipstones
Ipswich
Irchester
Irlam
Iron Acton
Ironville
Irthlingborough
Irvine
Irvinestown
Isham
Isleham
Islip (Northants)
Islip (Oxon)
Istead Rise
Itchen Abbas
Iver Heath
Ivybridge
Iwade
Iwerne Courtney
Iwerne Minster
Ixworth
Jacksdale
Jameston
Jarrow
Jaywick
Jedburgh
Johnshaven
Johnston
Johnstone
Jonesborough
Katesbridge
Keadby
Keady
Kearsley
Kedington
Keelby
Keele
Keeston
Keevil
Kegworth
Keighley
Keinton Mandeville
Keith
Kelbrook
Kelfield
Kellington
Kelloe
Kells / Connor
Kelly Bray
Kelsall
Kelso
Kelty
Kelvedon
Kelvedon Hatch
Kemble
Kemerton
Kemnay
Kempsey
Kempston
Kendal
Kenilworth
Kennford
Kenninghall
Kennington
Kennoway and Windygates
Kensworth
Kentisbeare
Kenton
Kerry
Kesgrave
Kesh
Kesh Bridge
Kessingland
Keswick (Allerdale)
Keswick (North Norfolk)
Kettering
Ketton
Kewstoke
Kexby
Keyingham
Keynsham
Keyworth
Kibblesworth
Kibworth Harcourt
Kidderminster
Kidlington
Kidmore End
Kidsgrove
Kidwelly
Kilbarchan
Kilbirnie
Kilburn
Kilclief
Kilcoo
Kilcot
Kilcreggan
Kileen
Kilgetty
Kilham
Kilkeel
Kilkhampton
Killadeas
Killaloo
Killamarsh
Killea
Killead
Killearn
Killen
Killeter
Killin
Killinchy
Killinghall
Killough
Killowen
Killylea
Killyleagh
Killyman
Kilmacolm
Kilmarnock
Kilmaurs
Kilmeston
Kilmington
Kilmood
Kilmore
Kilrea
Kilsby
Kilskeery
Kilsyth
Kilwinning
Kimberley
Kimbolton
Kimpton
Kinallen
Kinawley
Kincardine
Kineton
Kingfisher Court
Kingham
Kinghorn
Kinglassie
King's Bromley
King's Cliffe
King's Hill
King's Lynn
King's Somborne
Kings Sutton
King's Thorn
Kingsand
Kingsbridge
Kingsbury
Kingsbury Episcopi
Kingsclere
Kingsdon
Kingsdown (Dover)
Kingsdown (Wiltshire)
Kingseat (Aberdeenshire)
Kingseat (Fife)
Kingskerswell
Kingskettle
Kingsland
Kingsley (Cheshire West and Chester)
Kingsley (East Hampshire)
Kingsley (Staffordshire Moorlands)
Kingsley Green
Kingsley Holt
Kingsnorth (Ashford)
Kingsteignton
Kingston (Canterbury)
Kingston (North Dorset)
Kingston (South Cambridgeshire)
Kingston Bagpuize
Kingston Blount
Kingston Lisle
Kingston near Lewes
Kingston Seymour
Kingston St Mary
Kingstone (County of Herefordshire)
Kingstone (East Staffordshire)
Kingswear
Kingswells
Kingswinford
Kingswood (Maidstone)
Kingswood (Stroud)
Kingswood (Warwick)
Kington
Kington Langley
Kington Magna
Kington St Michael
Kingussie
Kinlochleven
Kinloss
Kinmel Bay
Kinnesswood
Kinoulton
Kinross
Kinsham
Kinsley
Kintbury
Kintore
Kinver
Kippax
Kippen
Kirby Hill
Kirby Misperton
Kircubbin
Kirdford
Kirk Ireton
Kirk Merrington
Kirk Smeaton
Kirkbride
Kirkby
Kirkby Lonsdale
Kirkby Mallory
Kirkby Malzeard
Kirkby Overblow
Kirkby Stephen
Kirkby Thore
Kirkby-in-Ashfield
Kirkby-in-Furness
Kirkby-le-Soken
Kirkbymoorside
Kirkcaldy and Dysart
Kirkconnel
Kirkcudbright
Kirkfieldbank
Kirkham
Kirkhamgate
Kirkhill
Kirkintilloch
Kirkistown
Kirklevington
Kirklington
Kirkliston
Kirkmuirhill and Blackwood
Kirknewton
Kirkwall
Kirmington
Kirriemuir
Kirtlington
Kirton (Boston)
Kirton (Newark and Sherwood)
Kirton (Suffolk Coastal)
Kirton End
Kirton Holme
Kirton in Lindsey
Kislingbury
Kiveton Park
Knaith Park
Knapton
Knaresborough
Knayton
Knebworth
Knighton (Powys)
Knighton (South Hams)
Kniveton
Knockcloghrim
Knockholt
Knockholt Pound
Knockmoyle
Knocknacarry
Knocknagulliagh
Knottingley
Knowbury
Knowl Hill
Knowle
Knowle Hill
Knowles Hill
Knutsford
Kyle of Lochalsh
Laceby
Lacey Green
Lack
Lackford
Lacock
Ladybank
Lakenheath
Lakenheath Airfield
Lamarsh
Lamberhurst
Lambley
Lambourn
Lamerton
Lamlash
Lampeter
Lamphey
Lanark
Lancaster
Lanchester
Landbeach
Landkey
Landrake
Lane End
Langbank
Langdane Wood
Langford (Central Bedfordshire)
Langford (West Oxfordshire)
Langford Budville
Langham (Colchester)
Langham (North Norfolk)
Langham (Rutland)
Langho
Langholm
Langley
Langley (village)
Langley Heath
Langley Park
Langley Vale
Langold
Langport
Langtoft (East Riding of Yorkshire)
Langtoft (South Kesteven)
Langwathby
Langwith
Langworth
Lanivet
Lanner
Lapford
Larbert
Largs
Largy
Larkhall
Larkhill
Larne
Lasham Airfield
Latchingdon
Latton
Lauder
Laugharne
Laughterton
Laughton
Laughton en le Morthen
Launceston
Launton
Laurelvale / Mullavilly
Laurencekirk
Laurieston
Lavendon
Lavenham
Law
Lawns Wood
Lawrencetown
Lawshall
Laxfield
Laxton
Layer-de-la-Haye
Lazonby
Lea
Lea Valley
Leaden Roding
Leadenham
Leadgate
Leafield
Leake Commonside
Leasingham
Leatherhead
Leavenheath
Lechlade-on-Thames
Leconfield
Ledbury
Lee Common
Lee Mill
Leeds
Leedstown
Leek
Leek Wootton
Leekbrook
Leeming
Leeming Bar
Lees
Leeswood
Legacurry
Legbourne
Leicester
Leigh (Sevenoaks)
Leigh (West Dorset)
Leigh Sinton
Leigh Woods
Leighton Buzzard
Leintwardine
Leire
Leiston
Leitrim
Lelant
Lenaderg
Lenham
Lenham Heath
Lennoxtown
Lenwade
Lenzie
Leominster
Lerryn
Lerwick
Lesbury
Leslie
Lesmahagow
Letchworth
Letcombe Regis
Letham
Letterbreen
Lettershendoney
Letterston
Letty Green
Leuchars
Leven
Levens
Leverington
Leverton
Lewes
Lewknor
Leyburn
Leyhill Prison
Leyland
Leysdown-on-Sea
Lhanbryde
Lichfield
Liddington
Lidgate
Lidlington
Liff
Lifton
Lighthorne
Lightwater
Lilleshall
Limavady
Limekilns
Limpley Stoke
Lincoln
Lindal in Furness
Lindale
Lindholme
Linford
Lingdale
Lingfield
Lingfield Common
Lingwood
Linkhill
Linlithgow
Linton (burton)
Linton (cambs)
Linton-on-Ouse
Linwood
Liphook
Lisbane
Lisbellaw
Lisburn
Liscolman
Liskeard
Lislea
Lisnarick
Lisnaskea
Liss
Litcham
Litchborough
Litherland
Litlington
Little Abington
Little Addington
Little Bealings
Little Berkhamsted
Little Brickhill
Little Burstead
Little Clacton
Little Downham
Little Dunmow
Little Eaton
Little Eccleston
Little Eversden
Little Gaddesden
Little Gransden
Little Hadham
Little Hallingbury
Little Harrowden
Little Haywood
Little Houghton
Little Irchester
Little Kingshill
Little Lever
Little London
Little Melton
Little Milton
Little Paxton
Little Plumstead
Little Plumstead (South)
Little Shelford
Little Singleton
Little Somerford
Little Staughton
Little Thetford
Little Totham
Little Waldingfield
Little Walsingham
Little Waltham
Little Warford
Little Weighton
Little Wymondley
Littleborough
Littlebourne
Littlebury
Littledean
Littlehampton
Littleport
Littlethorpe
Littlethorpe (village)
Littleton (cheshire)
Littleton (hants)
Littleton Panell
Littlewick Green
Littleworth
Litton Cheney
Liverpool
Liversedge
Livingston
Lixwm
Lizard
Llan Ffestiniog
Llanarth
Llanbadarn Fawr
Llanbedr
Llanbedr-Dyffryn-Clwyd
Llanbedrog
Llanberis
Llanbradach
Llanddewi Brefi
Llanddona
Llanddulas
Llandeilo
Llandevaud
Llandinam
Llandissilio
Llandogo
Llandovery
Llandre
Llandrindod Wells
Llandudno
Llandudno Junction
Llandybie
Llandyrnog
Llandysul
Llanellen
Llanelli
Llanerchymedd
Llanfair Caereinion
Llanfair Pwllgwyngyll
Llanfairfechan
Llanfechell
Llanfihangel yn Nhowyn
Llanfoist
Llanfyllin
Llangadog
Llangattock
Llangefni
Llangeinor
Llangennech
Llangoed
Llangollen
Llangors
Llangristiolus
Llangrove
Llangwm
Llangybi
Llangynidr
Llanharry
Llanhilleth
Llanidloes
Llanilar
Llanmadoc
Llanmaes
Llannon
Llanon
Llanrhaeadr-ym-Mochnant
Llanrhidian
Llanrhystud
Llanrug
Llanrwst
Llansanffraid Glan Conwy
Llansanffraid-ym-Mechain
Llansteffan
Llantrisant
Llantwit Major
Llanwrda
Llanwrtyd Wells
Llanybyther
Llanyre
Llay
Llechryd
Llwyngwril
Llysfaen
Loanhead
Loans
Locharbriggs
Lochgelly and Lumphinnans
Lochgilphead
Lochmaben
Lochwinnoch
Lockerbie
Lockeridge
Lockerley
Locking
Lockington
Locks Heath/Warsash/Whiteley
Loddington
Loddiswell
Loddon
Lode
Loders
Lodsworth
Loftus
Logan
Loggerheads
London
London (City of)
Londonderry
Long Ashton
Long Bennington
Long Buckby
Long Clawson
Long Compton
Long Crendon
Long Duckmanton
Long Eaton
Long Hanborough
Long Itchington
Long Kesh
Long Lartin Prison
Long Lawford
Long Load
Long Marston (Dacorum)
Long Marston (Harrogate)
Long Marston (Stratford-on-Avon)
Long Melford
Long Preston
Long Riston
Long Stratton
Long Sutton (Hart)
Long Sutton (South Holland)
Long Sutton (South Somerset)
Long Whatton
Long Wittenham
Longbenton
Longborough
Longburton
Longcot
Longden
Longfield
Longforgan
Longframlington
Longham
Longhope
Longhorsley
Longhoughton
Longlane
Longnewton
Longniddry
Longridge
Longridge (Scotland)
Longrock
Longsdon
Longside
Longstanton
Longstock
Longstone
Longton
Longtown
Longwick
Longworth
Looe
Lossiemouth
Lostock Gralam
Lostwithiel
Loughborough
Loughbrickland
Loughgall
Loughgilly
Loughguile
Loughinisland
Loughmacrory
Loughor
Loughries
Loughton
Lound
Louth
Lover
Low Ackworth
Low Bentham
Low Bradley
Low Etherley
Low Fulney
Low Worsall
Lowca
Lowdham
Lower Ballinderry
Lower Brailes
Lower Broadheath
Lower Broomhedge
Lower Common
Lower Dicker
Lower Down
Lower Farringdon
Lower Green
Lower Halstow
Lower Hardres
Lower Heyford
Lower Kingswood
Lower Langford
Lower Largo and Lundin Links
Lower Moor
Lower Pilsley
Lower Quinton
Lower Shiplake
Lower Stanton St Quintin
Lower Stoke
Lower Stondon
Lower Upham
Lower Weare
Lowestoft
Lowick
Loxwood
Lubenham
Luckington
Luddenden Foot
Luddington
Ludford
Ludgershall (Aylesbury Vale)
Ludgershall (Wiltshire)
Ludham
Ludlow
Lugwardine
Lumphanan
Luncarty
Lund
Lurganare
Lurganure
Lurganville
Lustleigh
Luston
Luton
Lutterworth
Lutton
Luxulyan
Lydbrook
Lydd
Lydden
Lyddington
Lydiard Millicent
Lydney
Lye's Green
Lyme Regis
Lyminge
Lymington
Lymm
Lympne
Lympsham
Lympstone
Lyndhurst
Lyne
Lyneham Airfield
Lynemouth
Lyng
Lynsted
Lynton
Lyonshall
Lytchett Matravers
Lytham St Anne's
Mabe Burnthouse
Mablethorpe
Macclesfield
Macduff
Machen
Machynlleth
Macmerry
Macosquin
Madden
Maddiston
Madeley
Madeley Park
Madley
Madron
Maenclochog
Maesteg
Maghaberry
Magham Down
Maghera
Magheraconluce
Magherafelt
Magherahoney
Magheralin
Magheramason
Magheramorne
Magheraveely
Maghery
Maghull
Maguiresbridge
Maiden Bradley
Maiden Newton
Maidenhead
Maidens
Maidstone
Maidwell
Maisemore
Major's Green
Malborough
Maldon
Mallaig
Malltraeth
Malmesbury
Malpas
Maltby
Maltby le Marsh
Malton
Manby
Manchester
Manea
Manfield
Mankinholes
Mannings Heath
Manningtree
Mansfield
Mansfield Woodhouse
Manton
Manton (village)
Manuden
Maple Cross
Mapledurwell
Mappleborough Green
Marazion
March
Marcham
Marchington
Marchwiel
Marchwood
Marden (County of Herefordshire)
Marden (Maidstone)
Mareham le Fen
Maresfield
Margaretting
Margate
Marham
Marham Airfield
Marhamchurch
Mark
Market Bosworth
Market Deeping
Market Drayton
Market Harborough
Market Lavington
Market Overton
Market Rasen
Market Warsop
Market Weighton
Market Weston
Markethill
Markfield
Markham
Markinch
Marks Tey
Markyate
Marlborough
Marldon
Marlow
Marlow Bottom
Marnhull
Marple
Marsden
Marsh Baldon
Marsh Gibbon
Marsh Green
Marsh Lane
Marsham
Marshchapel
Marshfield
Marshfield (South Gloucestershire)
Marshland St James
Marske-by-the-Sea
Marston
Marston Magna
Marston Moretaine
Marsworth
Martham
Martin (New Forest)
Martin (North Kesteven)
Martin Hussingtree
Martinstown
Martinstown (N Ireland)
Martlesham
Martock
Marton (Rugby)
Marton (West Lindsey)
Mary Tavy
Maryport
Masham
Matching Green
Matlock
Matlock Bath
Mattersey
Mattishall
Mauchline
Maud
Maulden
Mawgan Porth
Mawnan Smith
Mawsley Village
Maxey
Maxwellheugh
Maybole
Maydown
Mayfield
Mayfield (East Staffordshire)
Mayfield (Wealden)
Mayland
Maynard's Green
Mayobridge
Maypole
Meare Green
Mears Ashby
Measham
Medbourne
Medburn
Meden Vale
Medomsley
Medstead
Meidrim
Meifod
Meigh
Melbourn
Melbourne (East Riding of Yorkshire)
Melbourne (South Derbyshire)
Meldreth
Meliden
Melksham
Mellis
Mellor Brook
Mells
Melrose
Melsonby
Meltham
Melton (Suffolk Coastal)
Melton Constable
Melton Mowbray
Menai Bridge
Mendlesham
Menheniot
Menston
Menstrie
Menwith Hill Camp
Meonstoke
Meopham (North)
Meopham (South)
Mepal
Meppershall
Mere
Mere Brow
Meriden
Merley
Merriott
Merry Lees
Merrybent
Mersham
Merstone
Merthyr Tydfil
Messingham
Metfield
Metheringham
Methley
Methven
Methwold
Mevagissey
Mexborough
Meysey Hampton
Micheldever
Michelmersh
Mickle Trafford
Micklefield
Mickleham
Mickleton (Cotswold)
Mickleton (County Durham)
Mickletown
Mid Calder
Mid Lavant
Middle Barton
Middle Rasen
Middle Wallop Airfield
Middle Winterslow
Middleham
Middlesbrough
Middlestown
Middleton
Middleton (Derbyshire Dales)
Middleton (King's Lynn and West Norfolk)
Middleton (Ryedale)
Middleton (Suffolk Coastal)
Middleton Cheney
Middleton St George
Middleton Tyas
Middleton-in-Teesdale
Middleton-on-the-Wolds
Middletown
Middlewich
Middleyard
Middlezoy
Midhurst
Midsomer Norton
Milborne Port
Milborne St Andrew
Milbourne
Milcombe
Mildenhall
Mileham
Milford
Milford Haven
Milford on Sea
Mill Bay
Milland
Millbank
Millbrook
Millhouse Green
Millisle
Millison's Wood
Millom
Millport
Milltimber
Milltown
Milnathort
Milngavie
Milnrow
Milnthorpe
Milton
Milton (Scotland)
Milton and Kildary
Milton Ernest
Milton Keynes
Milton Lilbourne
Milton Malsor
Milton of Campsie
Milverton
Mimbridge
Minchinhampton
Minehead
Minety
Minley
Minstead
Minster
Minster (Thanet)
Minster Lovell
Minsterley
Minsterworth
Mintlaw
Mirfield
Misson
Misterton
Mistley
Mitcheldean
Mobberley
Modbury
Moelfre
Moffat
Moggerhanger
Moira
Moira (N Ireland)
Mold
Mollington (Cherwell)
Mollington (Cheshire West and Chester)
Monea
Moneyglass
Moneymore
Moneyneany
Moneyreagh
Moneyslane
Moniaive
Monifieth
Monk Fryston
Monk Sherborne
Monks Eleigh
Monkton
Monkton (Scotland)
Monkton Farleigh
Monkton Heathfield
Monkwood (West)
Monmouth
Montacute
Montgomery
Montrose
Monxton
Moodiesburn
Moor End
Moor Park
Moor Row
Moore
Moorends
Moortown
Morchard Bishop
Morcombelake
Morcott
Morecambe
Moresby Parks
Moreton
Moreton on Lugg
Moreton Pinkney
Moretonhampstead
Moreton-in-Marsh
Morfa Bychan
Morfa Nefyn
Morgan's Vale
Morland
Morley
Morley (village)
Morley St Botolph
Morningside
Morpeth
Mortimer
Morton (Broadland)
Morton (North East Derbyshire)
Morton (South Kesteven)
Morton-on-Swale
Moss
Mossblown
Mossley
Moss-Side
Mosstodloch
Mosterton
Mostyn
Motcombe
Motherwell
Mottram St Andrew
Mouldsworth
Moulsford
Moulton (Forest Heath)
Moulton (South Holland)
Moulton Chapel
Moulton Seas End
Mount Hawke
Mountain Ash
Mountfield
Mounthill
Mountjoy
Mountnorris
Mountsorrel
Mousehole
Moy
Much Wenlock
Muir of Ord
Muirhead
Muirkirk
Mulbarton
Mullaghbane
Mullaghboy
Mullaghbrack
Mullaghglass
Mullion
Mumby
Mundesley
Mundford
Murrow
Mursley
Murton (County Durham)
Murton (Swansea)
Musbury
Musselburgh
Muston
Muthill
Myddle
Myerscough
Mylor Bridge
Mynydd Marian
Mynydd-bach
Mynyddygarreg
Mynytho
Mytholmroyd
Nacton
Nafferton
Nailsea
Nailstone
Nailsworth
Nairn
Nalderswood
Nanpean
Nanstallon
Nantgaredig
Nantwich
Nantyglo
Nant-y-moel
Napton on the Hill
Narberth
Narborough
Narborough/Enderby
Naseby
Nash
Nassington
Natland
Naunton
Navenby
Nawton
Nayland
Neasham
Neath
Necton
Needham
Needham Market
Needingworth
Nefyn
Neilston
Nelson
Nelson (Caerphilly)
Neston
Nether Broughton
Nether Compton
Nether Heyford
Nether Kellet
Nether Padley
Nether Stowey
Nether Wallop
Nether Whitacre
Netheravon
Netherburn
Netherbury
Netherlee
Netherne On-The-Hill
Netherseal
Netherton (w yorks)
Netherton (wakefield)
Nethy Bridge
Netley
Nettlebed
Nettleham
Nettlestone
Nettlesworth
Nettleton
New Addington
New Alresford
New Arley
New Bolingbroke
New Brancepeth
New Brighton
New Cumnock
New Deer
New Gate
New Hartley
New Hedges
New Holland
New Houghton
New Longton
New Marske
New Mills
New Milton
New Ollerton
New Pitsligo
New Quay
New Romney
New Rossington
New Scone
New Stevenston
New Tredegar
New Waltham
Newark-on-Trent
Newarthill
Newbiggin-by-the-Sea
Newbold
Newbold Verdon
Newbold-on-Stour
Newborough (City of Peterborough)
Newborough (Isle of Anglesey)
Newbourne
Newbridge
Newbridge-on-Wye
Newbuildings
Newburgh
Newburgh (Aberdeenshire)
Newburgh and Burnside
Newburn
Newbury
Newcastle
Newcastle (N Ireland)
Newcastle Emlyn
Newcastleton
Newcastle-under-Lyme
Newchapel
Newchurch
Newdigate
Newent
Newgate Street
Newhaven
Newhey
Newick
Newington
Newlyn
Newmachar
Newmains
Newmarket
Newmills
Newmills
Newmilns
Newnham (Daventry)
Newnham (Forest of Dean)
Newport
Newport (East Riding of Yorkshire)
Newport (Isle of Wight)
Newport (Pembrokeshire)
Newport (Telford and Wrekin)
Newport (Uttlesford)
Newport Pagnell
Newport-on-Tay and Wormit
Newquay
Newquay Cornwall Airport
Newry
Newstead
Newton (Babergh)
Newton (Bolsover)
Newton (Fenland)
Newton (North Dorset)
Newton (Rushcliffe)
Newton (South Cambridgeshire)
Newton Abbot
Newton Arlosh
Newton Aycliffe
Newton Ferrers
Newton Flotman
Newton Longville
Newton Mearns
Newton on Trent
Newton Poppleford
Newton Regis
Newton Solney
Newton St Cyres
Newton St Faith
Newton Stewart
Newton Tony
Newtonhill
Newton-le-Willows
Newtonmore
Newton-on-Ouse
Newton-with-Scales
Newtown
Newtown (Telford and Wrekin)
Newtown Linford
Newtown St Boswells
Newtownabbey
Newtownards
Newtownbutler
Newtowncloghoge
Newtownhamilton
Newtownstewart
Newtyle
Neyland
Ninfield
Niton
Nixon's Corner
Nocton
Nomansland
Nonington
Norham
Norley
Norleywood
Normanby-by-Spital
Normanton
Normanton on Soar
Normanton on Trent
Normanton-on-the-Wolds
North Ascot
North Baddesley
North Benfleet
North Berwick
North Boarhunt
North Bradley
North Cadbury
North Cave
North Chailey
North Cheriton
North Coates Airfield
North Coker
North Country
North Cowton
North Crawley
North Creake
North Curry
North Dalton
North Down
North Duffield
North Elmham
North Fambridge
North Ferriby
North Frodingham
North Greetwell
North Hayling
North Hykeham
North Kelsey
North Kessock
North Kilworth
North Kyme
North Leigh
North Leverton with Habblesthorpe
North Littleton
North Lopham
North Luffenham
North Marston
North Molton
North Moreton
North Mundham
North Muskham
North Mymms
North Newbald
North Newton
North Nibley
North Petherton
North Pickenham
North Queensferry
North Runcton
North Scarle
North Somercotes
North Stoke
North Tawton
North Thoresby
North Walney
North Walsham
North Waltham
North Warnborough
North Weald Bassett
North Wheatley
North Wingfield
Northallerton
Northam
Northampton
Northampton (South Northamptonshire)
Northaw
Northborough
Northchapel
Northend
Northfleet
Northgate
Northiam
Northill
Northleach
Northmoor Green
Northop
Northop Hall
Northwich
Northwold
Northwood
Northwood (village)
Norton
Norton (Arun)
Norton (Doncaster)
Norton (Isle of Wight)
Norton (Mid Suffolk)
Norton (Powys)
Norton Canes
Norton Fitzwarren
Norton Lindsey
Norton St Philip
Norton sub Hamdon
Norton-on-Derwent
Norwell
Norwich
Nottingham
Notton
Nounsley
Nuneaton
Nunney
Nunton
Nutley
Nympsfield
Oakham
Oakhanger
Oakhill
Oakington
Oaklands
Oakley
Oakley (Aylesbury Vale)
Oakley (Basingstoke and Deane)
Oakley (Bedford)
Oakridge Lynch
Oaksey
Oakthorpe
Oare
Oban
Occold
Ochiltree
Ockley
Odcombe
Odiham
Odiham Airfield
Offenham
Offham
Offord D'Arcy
Offwell
Ogbourne St Andrew
Ogbourne St George
Ogmore Vale
Ogmore-by-Sea
Okeford Fitzpaine
Okehampton
Old Alresford
Old Arley
Old Bolingbroke
Old Buckenham
Old Dalby
Old Dalby Trading Estate
Old Hunstanton
Old Kilpatrick
Old Langho
Old Leake
Old Newton
Old Sarum
Old Sodbury
Old Stratford
Old Wives Lees
Oldbury (Sandwell)
Oldbury (Shropshire)
Oldbury-on-Severn
Oldcotes
Oldham
Oldhill Wood
Oldmeldrum
Olney
Olveston
Omagh Town
Ombersley
Onehouse
Onley
Orcheston
Orford
Orleton
Orlingbury
Orlock
Ormesby St Margaret
Ormiston
Ormskirk
Orritor
Orsett
Orston
Orton
Orwell
Orwell Meadows Caravan Site
Osbournby
Oscroft
Osgodby
Osmington
Osmotherley
Ossett
Oswaldkirk
Oswaldtwistle
Oswestry
Otford
Othery
Otley (suffolk)
Otley (w yorks)
Otterbourne
Otterburn
Ottershaw
Otterton
Ottery St Mary
Ottringham
Oughtibridge
Oulton
Oundle
Ouston
Ouston (village)
Outwood
Over
Over Kellet
Over Stratton
Over Wallop
Overstrand
Overton (Basingstoke and Deane)
Overton (Lancaster)
Overton (Wrexham)
Overtown
Oving
Ovingham
Owermoigne
Owslebury
Owston Ferry
Oxenhope
Oxenpill
Oxford
Oxhill
Oxted
Oxton
Packington
Padbury
Paddock Wood
Padstow
Paignton
Pailton
Painswick
Paisley
Pakenham
Palestine
Paley Street
Palgrave
Panfield
Pangbourne
Pannal
Pant
Pantymwyn
Pant-yr-awel
Papplewick
Papworth Everard
Parbold
Parcllyn
Parc-Seymour
Park
Park Street
Parkeston
Parkgate
Parkgate (N Ireland)
Parson Drove
Partington
Parton
Partridge Green
Parwich
Paslow Wood Common
Pateley Bridge
Pathfinder Village
Pathhead
Patmore Heath
Patna
Patrington
Pattingham
Pattishall
Paulerspury
Paulton
Pavenham
Pawlett
Peacehaven
Peasedown St John
Peasemore
Peasenhall
Peaslake
Peasmarsh (Guildford)
Peasmarsh (Rother)
Pebworth
Peebles
Pegswood
Peldon
Pelton
Pelynt
Pembrey
Pembridge
Pembroke
Pembroke Dock
Pembury
Penally
Penarth
Pencader
Pencaitland
Pen-clawdd
Pencoed
Pendine
Pengersick
Penicuik
Peniel
Penistone
Penkridge
Penley
Penmaenmawr
Penny Bridge
Penparc
Penperlleni
Penpol
Penrhiw-llan
Penrhyn Bay
Penrhyn-coch
Penrhyndeudraeth
Penrhyn-side
Penrith
Penryn
Pensford
Penshurst
Pensilva
Pentlepoir
Penton Mewsey
Pentraeth
Pentre Berw
Pentre Halkyn
Pentre Maelor
Pentre-cwrt
Pen-twyn (Caerphilly)
Pen-twyn (Monmouthshire)
Pentyrch
Penwithick
Penwood
Penybanc
Penyffordd
Pen-y-ffordd
Penygroes
Pen-y-groes
Penysarn
Penzance
Peopleton
Perham Down
Perranporth
Perranwell
Perry Green
Pershore
Perth
Peterborough
Peterchurch
Peterculter
Peterhead
Peterlee
Petersfield
Petrockstowe
Pett
Pettigoe / Tullyhommon
Petworth
Pevensey Bay
Pewsey
Pickering
Picket Piece
Pickhill
Piddington
Piddington (hackleton)
Piddlehinton
Pill
Pillerton Priors
Pilley
Pilling
Pilning
Pilsley
Pilton
Pimperne
Pinesfield Lane
 nr Culverstone Green
Pinvin
Pirbright
Pirbright Camp
Pirton
Pitchcombe
Pitlochry
Pitmedden
Pitsford
Pitstone
Pittenweem
Pitton
Plains
Plaistow
Plaitford
Platt Bridge
Plaw Hatch Lane
 nr Sharpthorne
Plaxtol
Playing Place
Plean
Pluckley Thorne
Plumbridge
Plumpton
Plumpton Green
Plymouth
Plymstock
Pocklington
Podington
Point Clear
Pointon
Polbeth
Polebrook
Polegate
Polesworth
Polgooth
Pollington
Polmont
Polperro
Polruan
Pomeroy
Pondwell
Ponsanooth
Pont Henri
Pont Rhyd-y-cyff
Pontardawe
Pontarddulais
Pontefract
Ponteland
Pontesbury
Pontllan-fraith
Pontlliw
Pontlottyn
Pontneddfechan
Pontrhydfendigaid
Pontrhydyfen
Pontyates
Pontyberem
Pontycymer
Pontypool
Pontypridd
Pool
Poole
Poringland
Porlock
Port Bannatyne
Port Ellen
Port Gaverne
Port Glasgow
Port Talbot
Port William
Portaferry
Portavogie
Portballintrae
Portesham
Port-Eynon
Portglenone
Portgordon
Porth
Porthcawl
Porthleven
Porthmadog
Portinscale
Portishead
Portknockie
Portlethen
Porton
Portpatrick
Portreath
Portree
Portrush
Portslade-by-Sea
Portsmouth
Portsoy
Portstewart
Postwick
Potten End
Potter Heigham
Potterhanworth
Potterne
Potters Bar
Potters Corner
Potterspury
Potterton
Potton
Poughill
Poulshot
Poulton
Poulton-le-Fylde
Powick
Poyle
Poynton
Poyntzpass
Praze-an-Beeble
Prees
Prees Higher Heath
Preesall
Prescot
Prestatyn
Presteigne
Preston
Preston (Dover)
Preston (East Riding of Yorkshire)
Preston (North Hertfordshire)
Preston Candover
Prestonpans
Prestwick
Prestwood
Prickwillow
Primrose Valley
Princes Risborough
Princetown
Priors Hardwick
Priors Marston
Priston
Probus
Prudhoe
Puckeridge
Pucklechurch
Puddletown
Pudsey
Pudsey Hall Lane
 nr Rochford
Pulford
Pulham Market
Pulham St Mary
Pulloxhill
Punnett's Town
Puriton
Purleigh
Purton
Puttenham
Pwll
Pwllheli
Pwllmeyric
Pwll-trap
Pye Bridge
Pyle
Pyrton
Pytchley
Quadring
Quainton
Quarndon
Quarrier's Village
Quarter
Queen Camel
Queenborough
Queen's Hills
Queensferry
Queniborough
Quenington
Quinton
Quintrell Downs
Quorn (Quorndon)
Rachub
Rackheath
Rackheath Industrial Estate
Rackheath/Salhouse
Radcliffe
Radcliffe on Trent
Radlett
Radley
Radstock
Radway
RAF Station St Athan
RAF Tern Hill
RAF Wyton
Raglan
Raholp
Rainford
Rainford Junction
Rainworth
Ram Lane
Rampton (Bassetlaw)
Rampton (South Cambridgeshire)
Ramsbottom
Ramsdell
Ramsden
Ramsden Heath
Ramsey (Huntingdonshire)
Ramsey (Wiltshire)
Ramsey Forty Foot
Ramsey Island
Ramsey Mereside
Ramsey St Mary's
Ramsgate
Randalstown
Rangeworthy
Ranskill
Rasharkin
Raskelf
Ratby
Rathfriland
Ratho
Ratho Station
Rattlesden
Raunds
Ravenshall
Ravenshead
Ravensmoor
Ravensthorpe
Ravenstone
Ravernet
Rawcliffe
Rawcliffe Bridge
Rawmarsh
Rawreth
Rawtenstall
Raydon
Rayleigh
Raymond's Hill
Rayne
Reach
Read
Reading
Rearsby
Reawla
Red Lodge
Redbourn
Redbourne
Redcar
Redding
Reddingmuirhead
Redditch
Redgrave
Redhill
Redhill (North Somerset)
Redmarley D'Abitot
Redruth
Reed
Reedham
Reedness
Reepham (cherry willingham)
Reepham (norfolk)
Reeth
Reigate
Reighton
Rempstone
Rendlesham
Renfrew
Renishaw
Renton
Repton
Resolven
Retford
Rettendon
Reydon
Reynoldston
Rhayader
Rhigos
Rhodes
Rhodes Minnis
Rhondda
Rhoose
Rhosesmor
Rhosllanerchrugog
Rhosneigr
Rhossili
Rhostryfan
Rhostyllen
Rhosybol
Rhu
Rhuddlan
Rhydymwyn
Rhyl
Rhymney
Ribchester
Riccall
Richhill
Richings Park
Richmond
Rickinghall
Rickling Green
Rickmansworth
Ridge
Ridgewell
Ridgmont
Riding Mill
Rigside
Rillington
Rimpton
Ringmer
Ringstead
Ringwood
Ripe
Ripley
Ripley (surrey)
Ripon
Rippingale
Ripponden
Risby
Risca
Risegate
Riseley (bedford)
Riseley (wokingham)
Rishton
Riviere Towans
Roade
Robertsbridge
Robertson Barracks
Robin Hood
Robin Hood's Bay
Rocester
Roch
Rochdale
Roche
Rochester
Rochford
Rock (Cornwall)
Rock (Horsham)
Rockbourne
Rockland All Saints
Rockland St Mary
Rockwell Green
Rode
Rode Heath
Rodmell
Rodney Stoke
Rogiet
Rollesby
Rolleston
Rolleston on Dove
Rolvenden
Rolvenden Layne
Romiley
Romsey
Romsley
Rookery Hill
Rookley
Rooks Bridge
Roos
Ropley
Ropsley
Rosehearty
Rosemarket
Rosemarkie
Rosewell
Roslin
Rosneath
Rossett
Rosslea
Ross-on-Wye
Rostrevor
Rosudgeon
Rosyth
Rothbury
Rotherfield
Rotherham
Rothersthorpe
Rotherwick
Rothes
Rothesay
Rothienorman
Rothwell
Rothwell (done)
Roughfort
Roughton
Rousky
Rowde
Rowhedge
Rowlands Castle
Rowlands Gill
Rowley Regis
Rowly
Rowney Green
Roxton
Roxwell
Royal Hospital School
Royal Leamington Spa
Royal National Orthopaedic Hospital
Royal Naval Air Station Yeovilton
Royal Tunbridge Wells
Roydon
Royston
Royston (yorkshire)
Royton
Ruabon
Ruan Minor
Ruardean
Ruardean Woodside
Rubane
Rudby
Ruddington
Ruddington Grange
Rudgwick
Rudheath Woods
Rudston
Rufford
Rufford Country Park
Rufforth
Rugby
Rugeley
Ruishton
Rumford
Runcorn
Runcton
Runcton Holme
Rushden
Rushmere St Andrew
Rushmoor
Rushton
Ruskington
Rusper
Rutherglen
Ruthin
Ruyton-XI-Towns
Ryall
Ryan Park
Ryarsh
Ryde
Rye
Rye Harbour
Ryhall
Ryhill
Ryton
Ryton-on-Dunsmore
Sabden
Sacriston
Sadberge
Saffron Walden
Sageston
Saham Toney
Saighton Camp
Saintfield
Salcombe
Sale
Salford
Salford Priors
Salfords
Salhouse
Saline
Salisbury
Salisbury District Hospital
Salsburgh
Saltash
Saltburn-by-the-Sea
Saltcoats
Saltdean
Saltfleet
Saltfleetby St Peter
Saltford
Salthouse
Sambourne
Sampford Peverell
Sancton
Sandbach
Sandbank
Sandford
Sandford (devon)
Sandhaven
Sandholes
Sandhurst
Sandhurst (Tewkesbury)
Sandhurst (Tunbridge Wells)
Sandiacre
Sandiway
Sandleheath
Sandown
Sandwich
Sandwich Bay Estate
Sandy
Sandy Cross
Sandy Down
Sandycroft
Sanquhar
Sapcote
Sarn
Saron
Sarratt
Saughall
Saul
Saundersfoot
Sawbridgeworth
Sawston
Sawtry
Saxby All Saints
Saxilby
Saxlingham Nethergate
Saxmundham
Saxtead Green
Saxton
Sayers Common
Scalloway
Scamblesby
Scampton Airfield
Scarborough
Scarcliffe
Scarcroft
Scarva
Scawby
Scawthorpe
Scayne's Hill
Scholes
Scholes (leeds)
School Aycliffe
Scole
Scopwick
Scorton
Scotby
Scotch Street
Scothern
Scotter
Scotton (Harrogate)
Scotton (West Lindsey)
Scropton
Scruton
Sculthorpe
Scunthorpe
Sea Palling
Seafield
Seaford
Seaforde
Seagrave
Seaham
Seahill
Seahouses
Seamer (Hambleton)
Seamer (Scarborough)
Seascale
Seaton
Seaton (East Devon)
Seaton (Rutland)
Seaton Delaval
Seaton Ross
Seaton Sluice
Seavington St Michael
Sedbergh
Sedbury
Sedgeberrow
Sedgebrook
Sedgefield
Sedgeford
Sedgley
Sedlescombe
Seend
Seend Cleeve
Seer Green
Seething
Seghill
Seisdon
Selborne
Selby
Selkirk
Sellindge
Selsey
Selston
Semington
Sennen Cove
Sennybridge
Seskinore
Settle
Settrington
Seven Sisters
Sevenoaks
Sevenoaks Weald
Severn Beach
Sewards End
Sewardstone
Shabbington
Shackleford
Shadoxhurst
Shadwell
Shaftesbury
Shalbourne
Shaldon
Shalfleet
Shalmsford Street
Shamley Green
Shanklin
Shap
Shapwick
Shardlow
Shareshill
Sharlston
Sharnbrook
Sharnford
Sharow
Sharpness
Sharpstone Street
Sharpthorne
Shavington
Shaw
Shaw (Wiltshire)
Shawbury
Shebbear
Shedfield
Sheeptown
Sheepy Magna
Sheering
Sheerness
Sheffield
Shefford
Shelfanger
Shenington
Shenley
Shenstone
Shepherdswell
Shepley
Shepreth
Shepshed
Shepton Beauchamp
Shepton Mallet
Sherborne
Sherborne St John
Sherburn (County Durham)
Sherburn (Ryedale)
Sherburn Hill
Sherburn in Elmet
Shere
Sherfield on Loddon
Sheriff Hutton
Sheriffhales
Sheringham
Sherington
Sherston
Shevington
Shevington Vale
Shieldhill
Shifnal
Shilbottle
Shildon
Shillingstone
Shillington
Shilton
Shimpling Street
Shipbourne
Shipdham
Shipham
Shiplake
Shipley
Shipley Bridge
Shipston-on-Stour
Shipton (Cotswold)
Shipton (Hambleton)
Shipton Bellinger
Shipton under Wychwood
Shiptonthorpe
Shirebrook
Shirenewton
Shireoaks
Shobdon
Shoreham
Shoreham-by-sea
Shorne Ridgeway
Shortfield Common
Shortstown
Shorwell
Shotley
Shotley Gate
Shotteswell
Shotton
Shotton Colliery
Shotts
Shouldham
Shrewsbury
Shrewton
Shrigley
Shripney
Shrivenham
Shropham
Shudy Camps
Shurdington
Shurlock Row
Shutlanger
Sibford Ferris
Sibford Gower
Sible Hedingham
Sibsey
Sicklesmere
Sidbury
Siddington
Sidmouth
Silchester
Sileby
Silk Willoughby
Silkstone
Silkstone Common
Silloth
Silsden
Silsoe
Silver End
Silverbridge
Silverdale
Silverstone
Silverton
Simister
Singleton
Sinnington
Sion Mills
Sissinghurst
Sittingbourne
Sixmilecross
Sixpenny Handley
Skeffling
Skegness
Skellingthorpe
Skellingthorpe Big Wood
Skelmanthorpe
Skelmersdale
Skelmorlie
Skelton (Eden)
Skelton (Redcar and Cleveland)
Skelton (York)
Skidby
Skinningrove
Skipsea
Skipton
Skirlaugh
Slad
Slaley
Slamannan
Slapton
Sleaford
Sleights
Slimbridge
Slindon
Slinfold
Sling
Slingsby
Slip End
Slough
Small Dole
Smallfield
Smallford
Smarden
Smeeton Westerby
Smethwick
Smithton
Snailbeach
Snainton
Snaith
Snape (Hambleton)
Snape (Suffolk Coastal)
Sneath Common
Snettisham
Snitterfield
Snodland
Soberton
Soberton Heath
Sockbridge
Soham
Sole Street
Solihull
Solva
Somerby
Somerford Keynes
Somersham (Huntingdonshire)
Somersham (Mid Suffolk)
Somerton (Cherwell)
Somerton (South Somerset)
Sonning Common
Sopley
Soughton
Soulbury
Souldern
South Brent
South Cave
South Cerney
South Cerney Army Station
South Chailey
South Cockerington
South Cornelly
South Creake
South Croxton
South Darenth
South Earlswood
South Elmsall
South Ferriby
South Godstone
South Grove
South Harefield
South Harting
South Hayling
South Heath
South Hetton
South Hiendley
South Horrington
South Kelsey
South Kilworth
South Kirkby
South Kyme
South Leverton
South Littleton
South Luffenham
South Milford
South Mimms
South Molton
South Moreton
South Newington
South Newton
South Normanton
South Nutfield
South Ockendon
South Petherton
South Shields
South Stoke
South Tehidy
South Walsham
South Warnborough
South Wingfield
South Witham
South Wonston
South Woodham Ferrers
South Zeal
Southam (bishop's cleeve)
Southam (warks)
Southampton
Southborough
Southend
Southend (West Berks)
Southery
Southfields
Southfleet
Southgate
Southminster
Southport
Southrepps
Southrey
Southrop
Southwater
Southwell (notts)
Southwell (weston)
Southwick
Southwick (Wiltshire)
Southwick (Winchester)
Southwold
Sowerby Bridge
Spalding
Spaldwick
Spamount
Sparkford
Sparsholt
Spaxton
Speen
Speldhurst
Spellbrook
Spencers Wood
Spennymoor
Spetisbury
Spilsby
Spittal
Spittlegate
Spixworth
Spofforth
Sporle
Spratton
Spridlington
Springfield
Springfield
Springhill
Springside
Springvale
Springwell
Sproatley
Sprotbrough
Sproughton
St Andrews
St Boswells
St Combs
St Cyrus
St Fergus
St Madoes and Glencarse
St Monans
St. Agnes
St. Albans
St. Ann's Chapel
St. Arvans
St. Asaph
St. Austell
St. Bees
St. Blazey
St. Breward
St. Briavels
St. Brides Major
St. Buryan
St. Clears
St. Cleer
St. Columb Major
St. Davids
St. Day
St. Dennis
St. Dogmaels
St. Donat's
St. Edward's Park
St. Erme
St. Erth
St. Eval
St. Fagans
St. Florence
St. Germans
St. Helens
St. Helens (Isle of Wight)
St. Ishmael's
St. Ives
St. Ives (Cornwall)
St. James
St. James South Elmham
St. Just
St. Keverne
St. Leonards
St. Mabyn
St. Margarets
St. Margaret's at Cliffe
St. Martin's
St. Mary Bourne
St. Mary's Bay
St. Mawes
St. Merryn
St. Merryn Holiday Village
St. Michael's on Wyre
St. Neot
St. Neots
St. Newlyn East
St. Nicholas
St. Nicholas at Wade
St. Olaves
St. Osyth
St. Piers School
St. Stephen
St. Teath
St. Tudy
Stadhampton
Stafford
Stagsden
Stainburn
Staindrop
Staines
Stainforth
Staining
Stainton
Staithes
Stake Pool
Stakeford
Stalbridge
Stalham
Stallingborough
Stalmine
Stalybridge
Stamford
Stamford Bridge
Stamfordham
Stamperland
Stanborough
Stanbridge
Standford Hill Prison
Standish
Standlake
Stanford Dingley
Stanford in the Vale
Stanford-le-Hope
Stanhoe
Stanhope
Stanion
Stanley
Stanley (Erewash)
Stanley (Scotland)
Stannington
Stannington Station
Stansted Mountfitchet
Stanton (St. Edmundsbury)
Stanton (Tewkesbury)
Stanton Harcourt
Stanton St John
Stanton-by-Dale
Stanwick
Staplecross
Stapleford
Stapleford Abbotts
Staplehurst
Starcross
Stathern
Staveley
Staveley (cumbria)
Staverton
Staxton
Stebbing
Stedham
Steep
Steeple
Steeple Ashton
Steeple Aston
Steeple Bumpstead
Steeple Claydon
Steeple Morden
Steeton
Stelling Minnis
Stenalees
Stenhousemuir
Steornabhagh (Stornoway)
Stepaside
Stepps
Stetchworth
Stevenage
Stevenston
Steventon
Stevington
Stewartby
Stewarton
Stewartstown
Stewkley
Steyning
Sticker
Stickford
Stickney
Stillington (Hambleton)
Stillington (Stockton-on-Tees)
Stilton
Stirling
Stithians
Stoborough Green
Stock
Stockbridge
Stockport
Stocksbridge
Stocksfield
Stockton
Stockton on the Forest
Stockton-on-Tees
Stogumber
Stogursey
Stoke
Stoke (Basingstoke and Deane)
Stoke (Havant)
Stoke Canon
Stoke Ferry
Stoke Fleming
Stoke Gabriel
Stoke Golding
Stoke Goldington
Stoke Hammond
Stoke Holy Cross
Stoke Mandeville
Stoke Orchard
Stoke Poges
Stoke Prior
Stoke Row
Stoke St Gregory
Stoke St Mary
Stoke St Michael
Stoke sub Hamdon
Stoke Wood
Stoke-by-Clare
Stoke-by-Nayland
Stokeinteignhead
Stokenchurch
Stokenham
Stokesley
Stone (Aylesbury Vale)
Stone (Stafford)
Stone (Stroud)
Stone Hill
Stonebridge
Stonebroom
Stonehaven
Stonehouse
Stonehouse (Scotland)
Stoneleigh
Stonely
Stonesfield
Stoney Stanton
Stoney Stratton
Stoneyburn
Stoneyford
Stoneyford (N Ireland)
Stoneyhills
Stonham Aspal
Stonnall
Storrington
Storrs
Storth
Stotfold
Stourbridge
Stourpaine
Stourport-on-Severn
Stourton
Stourton Caundle
Stow
Stow (scotland)
Stow cum Quy
Stowbridge
Stowmarket
Stow-on-the-Wold
Stowupland
Strabane
Stradbroke
Straid
Straidarran
Strangford
Strangways
Stranocum
Stranraer
Stratford St Mary
Stratford-upon-Avon
Strathaven
Strathblane
Strathfoyle
Strathkinness
Strathmiglo
Strathpeffer
Stratton
Stratton (cornwall)
Stratton Audley
Stratton-on-the-Fosse
Straw
Streatley (c berks)
Streatley (w berks)
Street
Street End
Streethouse
Strensall
Strete
Stretford
Stretham
Stretton
Stretton-on-Dunsmore
Stretton-on-Fosse
Strichen
Stromness
Stroud
Strumpshaw
Stuartfield
Stubbington
Studham
Studland
Studley
Sturminster Marshall
Sturminster Newton
Sturry
Sturton by Stow
Sturton le Steeple
Stuston
Stutton
Styal
Sudbrook
Sudbrooke
Sudbury
Sulgrave
Summerbridge
Summit
Sunderland
Sundridge
Sunningwell
Sunniside
Surfleet Seas End
Surlingham
Sutterton
Sutton (Chichester)
Sutton (East Cambridgeshire)
Sutton (West Oxfordshire)
Sutton Abinger
Sutton Benger
Sutton Bonington
Sutton Bridge
Sutton Coldfield
Sutton Common
Sutton Courtenay
Sutton cum Lound
Sutton in Ashfield
Sutton Lane Ends
Sutton on Trent
Sutton Scotney
Sutton St James
Sutton St Nicholas
Sutton upon Derwent
Sutton Valence
Sutton Veny
Sutton Waldron
Sutton Weaver
Sutton-on-the-Forest
Swadlincote
Swaffham
Swaffham Bulbeck
Swaffham Prior
Swainby
Swallowfield
Swallownest
Swan Green
Swanage
Swanbourne
Swanland
Swanley
Swanmore
Swannington
Swanscombe
Swansea
Swanton Abbott
Swanton Morley
Swardeston
Swarland
Swarthmoor
Swaton
Swatragh
Swavesey
Sway
Swayfield
Swillington
Swimbridge
Swinderby
Swindon
Swindon (South Staffordshire)
Swinefleet
Swineshead
Swinford
Swinton
Swithland
Swynnerton
Sydallt
Sydling St Nicholas
Symington (South Ayrshire)
Symington (South Lanarkshire)
Symonds Yat West
Syresham
Syston
Sywell
Tackley
Tadcaster
Taddington
Tadley
Tadmarton
Taff's Well
Tain
Takeley
Takeley Street
Talacre
Talgarth
Tallington
Tal-y-bont (Ceredigion)
Tal-y-bont (Gwynedd)
Talybont-on-Usk
Talysarn
Tamlaght
Tamnaherin
Tamnamore
Tamworth
Tandragee
Tangmere
Tansley
Tanworth-in-Arden
Tanyfron
Taplow
Tarbert
Tarbolton
Tarland
Tarleton
Tarporley
Tarrant Keyneston
Tarrant Monkton
Tarrington
Tartaraghan
Tarves
Tarvin
Tasburgh
Tatling End
Tattenhall
Tattyreagh
Tatworth
Taunton
Taverham
Tavernspite
Tavistock
Tayport
Tealby
Tebay
Tebworth
Tedburn St Mary
Teemore
Teffont Magna
Teignmouth
Telford
Temple Cloud
Temple Herdewyke
Temple Sowerby
Templecombe
Templepatrick
Templeton
Tempo
Tempsford
Tenbury Wells
Tenby
Tenterden
Terrington
Terrington St Clement
Terry's Green
Terwick Common
Teston
Tetbury
Tetford
Tetney
Tetsworth
Teversham
Tewin
Tewkesbury
Teynham
Thame
Thanington Without
Thankerton
Thatcham
Thaxted
The Bank
The Birches
The Bush
The City
The Loup
The Narth
The Rock
The Sands
The Scarr
The Spa
The Thorne
The Wells
Theale
Theale (village)
Thearne
Therfield
Thetford
Theydon Bois
Thirsk
Thompson
Thornaby-on-Tees
Thornborough
Thornbury
Thorndon
Thorne
Thorner
Thorney
Thorney Island
Thornford
Thorngumbald
Thornham
Thornhill
Thornhill (Dumfries & Galloway)
Thornhill (Stirling)
Thornley
Thornliebank
Thornton
Thornton (Bradford)
Thornton (Scotland)
Thornton (Wyre)
Thornton-in-Craven
Thornton-le-Dale
Thornwood Common
Thorp Arch
Thorpe Audlin
Thorpe End
Thorpe Hesley
Thorpe on the Hill
Thorpe Salvin
Thorpe Willoughby
Thorpe-le-Soken
Thorpeness
Thorrington (East)
Thorrington (West)
Thorverton
Thrapston
Threapwood
Three Crosses
Three Legged Cross
Three Oaks
Threehammer Common
Threemilestone
Threshfield
Thriplow
Throckley
Thropton
Thrussington
Thruxton Aerodrome
Thundridge
Thurcaston
Thurcroft
Thurgarton
Thurgoland
Thurlaston
Thurlby
Thurleigh
Thurlestone
Thurlton
Thurnscoe
Thursby
Thursley
Thurso
Thurston
Thurton
Tibberton (Forest of Dean)
Tibberton (Telford and Wrekin)
Tibberton (Wychavon)
Tibshelf
Ticehurst
Tickenham
Tickhill
Ticknall
Tickton
Tidbury Green
Tiddington
Tideswell
Tidworth
Tiffield
Tighnabruaich
Tilbrook
Tilbury
Tillicoultry
Tillingham
Tilney St Lawrence
Tilshead
Tilstock
Tilston
Tilsworth
Tilton on the Hill
Timberland
Timsbury
Tincklers Bridge
Tingewick
Tintagel
Tintinhull
Tintwistle
Tiptoe
Tipton
Tipton St John
Tiptree
Tircoed
Tisbury
Titchmarsh
Tittensor
Tiverton
Tivetshall St Margaret
Tobermore
Tobermory
Tockington
Tockwith
Toddington
Todmorden
Todwick
Toft
Tokers Green
Toll Bar
Tollerton
Tollerton (Hambleton)
Tollesbury
Tolleshunt D'Arcy
Tolleshunt Knights
Tolleshunt Major
Tolpuddle
Tonbridge
Tonypandy
Tonyrefail
Toome
Topsham
Torksey Lock
Torphichen
Torphins
Torpoint
Torquay
Torrance
Torryburn
Torton
Totnes
Totternhoe
Totton
Touchen-end
Tow House
Tow Law
Towcester
Tower Hill
Towersey
Town Row
Towngate
Townhill
Toynton All Saints
Toy's Hill
Tranent
Trawden
Trawsfynydd
Trearddur
Trebetherick
Treburley
Tredegar
Tredington
Treeton
Trefechan
Trefnant
Trefonen
Trefor
Trefriw
Tregadillett
Tregaron
Tregarth
Tregony
Tregynon
Treharris
Treherbert
Trelales
Trelogan
Tremar
Trent
Treorchy
Tresillian
Treswell
Treuddyn
Treviscoe
Trevone
Trevor
Trewoon
Trillick
Trimdon
Trimdon Colliery
Trimdon Grange
Trimingham
Trimley St Mary
Trimsaran
Tring
Troon
Troon (Scotland)
Trooperslane
Troston
Trottiscliffe
Trowbridge
Trowell
Trowse Newton
Trunch
Truro
Tuddenham
Tuddenham St Martin
Tugby
Tullibody
Tullyhogue
Tullylish
Tullynacross
Tumble
Tunstall
Tur Langton
Turnditch
Turners Hill
Turriff
Turvey
Tutbury
Tutts Clump
Tuxford
Twechar
Twigworth
Twyford (Melton)
Twyford (Winchester)
Twyford (Wokingham)
Twyning
Tycroes
Tydd St Giles
Tydd St Mary
Tye Green (Braintree)
Tye Green (Colchester)
Tyldesley
Tyler Hill
Tylorstown
Tynan
Tynemouth
Tyrrell's Wood
Tytherington
Tytherleigh
Tywyn
Ubley
Uckfield
Uckfield - E35001576
Uckinghall
Uddingston
Uffculme
Uffington (South Kesteven)
Uffington (Vale of White Horse)
Ufford (City of Peterborough)
Ufford (Suffolk Coastal)
Ulceby
Ulcombe
Uley
Ullapool
Ullenhall
Ulleskelf
Ullesthorpe
Ulnes Walton
Ulrome
Ulverston
Underwood
Undy
University of Essex
University of Lancaster
University of Nottingham School of Agriculture
University of Sussex
Unstone Green
Up Nately
Upavon
Upavon Army Camp
Upchurch
Upham
Uphampton
Uplawmoor
Upper Arncott
Upper Ballinderry
Upper Basildon
Upper Beeding
Upper Boddington
Upper Broadheath
Upper Broomhedge
Upper Broughton
Upper Bucklebury
Upper Caldecote
Upper Cumberworth
Upper Dean
Upper Denby
Upper Dicker
Upper End
Upper Farringdon
Upper Gravenhurst
Upper Hartfield
Upper Heyford
Upper Killay
Upper Lambourn
Upper Longdon
Upper Minety
Upper Oddington
Upper Poppleton
Upper Rissington
Upper Saxondale
Upper Seagry
Upper Tankersley
Upper Tean
Upper Tysoe
Upperlands
Uppermill
Uppingham
Upstreet
Upthorpe
Upton (Broadland)
Upton (Newark and Sherwood)
Upton (Vale of White Horse)
Upton (Wakefield)
Upton (West Lindsey)
Upton Cheyney
Upton Grey
Upton Scudamore
Upton Snodsbury
Upton upon Severn
Upwell
Upwood
Urchfont
Urmston
Ushaw Moor
Usk
Utkinton
Utterby
Uttoxeter
Valley
Ventnor
Vernham Dean
Verwood
Victoria Bridge
Viewpark
Wacton
Waddesdon
Waddingham
Waddington
Wadebridge
Wadeford
Wadhurst
Wadworth
Wainfleet All Saints
Wakefield
Walberswick
Walcott
Waldringfield
Walesby (Newark and Sherwood)
Walesby (West Lindsey)
Walgrave
Walhampton
Walkden
Walkerburn
Walkeringham
Walkern
Walkington
Wallacestone
Wallasey
Wallingford
Walliswood
Wallsend
Walpole Cross Keys
Walpole Highway
Walpole St Peter
Walsall
Walsham Le Willows
Walter's Ash
Waltham
Waltham Abbey
Waltham Chase
Waltham Cross
Waltham on the Wolds
Waltham St Lawrence
Walton
Walton (wakefield)
Walton Highway
Walton-on-Thames
Walton-on-Thames (surrey)
Walton-on-the-Naze
Walton-on-Trent
Walwen
Wanborough
Wangford
Wansford
Wantage
Wappenham
Warborough
Warboys
Warden
Wardington
Ware
Wareham
Waresley
Waresley (village)
Wargrave
Waringsford
Waringstown
Warkworth
Warlingham
Warmington (East Northamptonshire)
Warmington (Stratford-on-Avon)
Warminster
Warnham
Warninglid
Warrenpoint / Burren
Warrington
Warthill
Warton
Warton (lancaster)
Warwick
Warwick Bridge
Washbrook
Washford
Washingborough
Washington
Watchet
Watchfield
Water
Water Orton
Waterbeach
Waterfoot
Waterfoot
Waterford
Wateringbury
Watersfield
Waterston
Watford
Wath upon Dearne
Watlington (King's Lynn and West Norfolk)
Watlington (South Oxfordshire)
Wattisfield
Wattisham Airfield
Watton
Watton at Stone
Wattsville
Waunfawr
Waungilwen
Waunllapria
Waun-Lwyd
Waverton
Wawne
Weaverham
Weaverthorpe
Wedmore
Wednesbury
Weedon
Weedon Bec
Weedon Lois
Week St Mary
Weeley
Weeley Heath
Weeting
Weeton
Weir
Welbourn
Weldon
Welford
Welford-on-Avon
Welham Green
Well Hill
Welland
Wellbank
Wellesbourne
Wellingborough
Wellington (County of Herefordshire)
Wellington (somerset)
Wellington Heath
Wellow (Bath and North East Somerset)
Wellow (Isle of Wight)
Wellow (Newark and Sherwood)
Wells
Wells-next-the-Sea
Welney
Welshpool
Welton
Welton (Daventry)
Welwyn
Welwyn Garden City
Wem
Wemyss Bay
Wendens Ambo
Wendlebury
Wendover
Wenhaston
Wentworth
Wenvoe
Weobley
Wereham
West Ashling
West Ashton
West Bank
West Barns
West Bergholt
West Bradford
West Bretton
West Bridgford
West Bromwich
West Butterwick
West Calder
West Camel
West Charleton
West Chiltington Common
West Chinnock
West Clandon
West Coker
West Cowick
West Dean
West Deeping
West Felton
West Grimstead
West Haddon
West Hallam
West Hanney
West Hanningfield
West Hendred
West Hill
West Hill (village)
West Hoathly
West Horndon
West Horsley
West Hythe
West Itchenor
West Keal
West Kilbride
West Kingsdown
West Kirby
West Knighton
West Linton
West Lulworth
West Malling
West Meon
West Mersea
West Parley
West Pennard
West Perry
West Quantoxhead
West Rainton
West Runton
West Stockwith
West Tanfield
West Tytherley
West Walton
West Wellow
West Winch
West Wittering
West Wratting
Westbury
Westbury (Aylesbury Vale)
Westbury (Shropshire)
Westbury-sub-Mendip
Westcott
Westerfield
Westergate
Westerham
Westerleigh
Westfield
Westfield (Rother)
Westham
Westhampnett
Westhead
Westhill (Aberdeenshire)
Westhill (Highland)
Westhope
Westhoughton
Westhumble
Westleigh
Westleton
Westminster
Weston
Weston (Cheshire East)
Weston (Newark and Sherwood)
Weston (North Hertfordshire)
Weston (South Holland)
Weston (Stafford)
Weston Hills
Weston Rhyn
Weston Turville
Weston under Penyard
Westoning
Weston-on-the-Green
Weston-on-Trent
Weston-sub-Edge
Weston-Super-Mare
Westonzoyland
Westquarter
Westwood
Westwoodside
Wetheral
Wetherby
Wetherden
Wetheringsett
Wethersfield
Wethersfield Airfield
Wetwang
Weybourne
Weybridge
Weyhill
Weymouth
Whaddon
Whaley Bridge
Whalley
Whaplode
Whaplode Drove
Wharncliffe Side
Whatstandwell
Whatton-in-the-Vale
Wheathampstead
Wheatley
Wheatley Hill
Wheaton Aston
Wheelock Heath
Wheelton
Wheldrake
Whelpley Hill
Wherwell
Whetstone
Whickham
Whimple
Whipsnade
Whissendine
Whissonsett
Whitacre Heath
Whitburn
Whitburn (Scotland)
Whitby
Whitchurch
Whitchurch (Aylesbury Vale)
Whitchurch (Basingstoke and Deane)
Whitchurch (Shropshire)
Whitchurch Canonicorum
Whitchurch Hill
White Waltham
Whitecraig
Whitecross
Whitecross
Whitefield
Whitehaven
Whitehead
Whitehill
Whitehills
White-le-Head
Whiteparish
Whiterock
Whiteshill
Whiteway
Whithorn
Whiting Bay
Whitland
Whitley
Whitley (Selby)
Whitley Bay
Whitminster
Whitmore
Whitnash
Whitstable
Whittingham
Whittingham (goosnargh)
Whittington (Lichfield)
Whittington (Shropshire)
Whittington Barracks
Whittlebury
Whittlesey
Whittlesford
Whitwell (Bolsover)
Whitwell (Isle of Wight)
Whitwell (North Hertfordshire)
Whitworth
Whixley
Wick
Wick (South Gloucestershire)
Wick (The Vale of Glamorgan)
Wick (Wychavon)
Wicken (East Cambridgeshire)
Wicken (South Northamptonshire)
Wicken Bonhunt
Wicken Green Village
Wickford
Wickham
Wickham Bishops
Wickham Market
Wickham Skeith
Wickham St Paul
Wickhambrook
Wickhamford
Wicklewood
Wickwar
Widdington
Widdrington Station
Widemouth Bay
Wideopen
Widford
Widmerpool
Widnes
Wigan
Wiggenhall St Germans
Wiggenhall St Mary Magdalen
Wigginton
Wighton
Wigmore
Wigton
Wigtown
Wilbarston
Wilberfoss
Wilburton
Wilcott
Wilden
Willand
Willaston
Willenhall
Willersey
Willingham
Willingham by Stow
Willington (Bedford)
Willington (County Durham)
Willington (South Derbyshire)
Williton
Willoughby (East Lindsey)
Willoughby (Rugby)
Willoughby-on-the-Wolds
Willoughton
Wilmcote
Wilmslow
Wilsden
Wilsford
Wilstead
Wilton (County of Herefordshire)
Wilton (Wiltshire)
Wilton Park
Wimblington
Wimborne Minster
Wimbotsham
Wincanton
Winchburgh
Winchcombe
Winchelsea
Winchelsea Beach
Winchester
Winchmore Hill
Windermere
Windmill Hill
Windsor
Winfarthing
Winford
Winford (North Somerset)
Winfrith Newburgh
Wing
Wingate
Wingerworth
Wingham
Wingrave
Winkfield Street
Winkleigh
Winscombe
Winsford
Winsford (West Somerset)
Winsham
Winsley
Winslow
Winster
Winterborne Kingston
Winterborne Stickland
Winterborne Whitechurch
Winterborne Zelston
Winterbourne Abbas
Winterbourne Gunner
Winteringham
Winterton
Winthorpe
Winwick
Wirksworth
Wisbech
Wisbech St Mary
Wisborough Green
Wishaw
Wistanswick
Wistow (Huntingdonshire)
Wistow (Selby)
Wiswell
Witcham
Witchford
Witham
Witham on the Hill
Witham St Hughs
Witheridge
Witherley
Withern
Withernsea
Withernwick
Withington (Cotswold)
Withington (County of Herefordshire)
Withnell
Withnoe
Witley
Witnesham
Witney
Wittering Airfield
Wittersham
Witton Gilbert
Witton-le-Wear
Wiveliscombe
Wivelsfield
Wivelsfield Green
Wivenhoe
Wix
Wixams
Woburn
Woburn Sands
Woking
Wokingham
Wold Newton
Woldingham
Woldingham Garden Village
Wollaston
Wolsingham
Wolston
Wolvercote
Wolverhampton
Wolverhampton Airport
Wolvey
Wolviston
Wombourne
Wombwell
Wood End
Wood End (North Warwickshire)
Wood Street Village
Woodbeck
Woodborough (Gedling)
Woodborough (Wiltshire)
Woodbridge
Woodbury
Woodbury Salterton
Woodchester
Woodchurch
Woodcote
Woodcroft
Woodend
Woodford
Woodgreen
Woodhall Spa
Woodham Ferrers
Woodham Mortimer
Woodhouse
Woodhouse Eaves
Woodhurst
Woodingdean
Woodley
Woodmancote
Woodmansey
Woodnewton
Woodplumpton
Woodseaves
Woodsetts
Woodside
Woodstock (West Oxfordshire)
Woodton
Wookey
Wookey Hole
Wool
Woolacombe
Woolaston
Woolavington
Wooler
Woolfardisworthy
Woolhampton
Woolley
Woolpack Corner
Woolpit
Woolsington
Woolton Hill
Woore
Wootton (Bedford)
Wootton (Isle of Wight)
Wootton (North Lincolnshire)
Wootton (West Oxfordshire)
Wootton Bassett
Wootton Courtenay
Worcester
Worden
Worfield
Workhouse End
Workington
Worksop
Worlaby
Worlington
Worlingworth
Worminghall
Wormley
Worplesdon
Worrall
Worsbrough
Worsley
Worsthorne
Worth
Worth Matravers
Wortham
Worthen
Worthing
Worthington
Worton
Wortwell
Wothorpe
Wotton-under-Edge
Wouldham
Wragby
Wrangle
Wrawby
Wrays
Wraysbury
Wrea Green
Wrenbury-cum-Frith
Wreningham
Wrentham
Wrestlingworth
Wretton
Wrexham
Wrington
Writtle
Wroot
Wrotham
Wrotham Heath
Wroughton
Wroxall
Wroxton
Wyboston
Wybunbury
Wychbold
Wye
Wyke
Wylam
Wylye
Wymeswold
Wymondham (Melton)
Wymondham (South Norfolk)
Wynyard Village
Wyre Piddle
Wysall
Wythall
Y Felinheli
Yalding
Yapton
Yardley Gobion
Yardley Hastings
Yarm
Yarmouth
Yarnfield
Yarnton
Yarpole
Yarwell
Yate
Yateley
Yatton
Yatton Keynell
Yaverland
Yaxham
Yaxley (cambs)
Yaxley (suffolk)
Yeadon
Yealmpton
Yelling
Yelvertoft
Yelverton
Yeovil
Yetholm
Yetminster
Ynysddu
Ynysmaerdy
Ynysybwl
York
Yorkletts
Yorkley
Youlgreave
Yoxall
Yoxford
Ystrad Aeron
Ystrad Mynach
Ystradgynlais
Zeal Monachorum
